event_id,origin_time_utc,event_lat,event_lon,event_depth_km,source_x_km,source_y_km,source_z_km,station,network,location,channel,station_lat,station_lon,receiver_x_km,receiver_y_km,pick_time_utc,travel_time_s,selection_source,xml_file,arrival_residual_s
SGC2022kyajix,2022-06-04T17:21:56.130000Z,7.103333333,-74.41883333,55.19,-156.76723174750916,11.503066629560015,55.19,BRJC,CM,0,HHZ,6.97,-73.74,-81.76277582452627,-3.3396000000000274,2022-06-04T17:22:08.600932Z,12.470932,final_sgc_catalog,,
SGC2022kyajix,2022-06-04T17:21:56.130000Z,7.103333333,-74.41883333,55.19,-156.76723174750916,11.503066629560015,55.19,VMM11,CM,0,HHZ,7.44,-73.57,-62.97943543240506,48.98080000000004,2022-06-04T17:22:12.976397Z,16.846397,final_sgc_catalog,,
SGC2022kyajix,2022-06-04T17:21:56.130000Z,7.103333333,-74.41883333,55.19,-156.76723174750916,11.503066629560015,55.19,VMM09,CM,0,HHZ,7.13,-73.29,-32.04216890420715,14.471599999999988,2022-06-04T17:22:14.815271Z,18.685271,final_sgc_catalog,,
SGC2022kyajix,2022-06-04T17:21:56.130000Z,7.103333333,-74.41883333,55.19,-156.76723174750916,11.503066629560015,55.19,BAR2,CM,0,HHZ,6.59,-73.18,-19.888242768128904,-45.64120000000001,2022-06-04T17:22:18.546443Z,22.416443,final_sgc_catalog,,
SGC2022kyajix,2022-06-04T17:21:56.130000Z,7.103333333,-74.41883333,55.19,-156.76723174750916,11.503066629560015,55.19,PAM,CM,20,EHZ,7.34,-72.7,33.147071280213275,37.84879999999998,2022-06-04T17:22:23.288044Z,27.158044,final_sgc_catalog,,
SGC2022lnpqkc,2022-06-13T05:09:43.920000Z,7.7155,-73.857,82.47,-94.69013362381008,79.64945999999995,82.47,VMM07,CM,0,HHZ,7.36,-73.85,-93.91670196060451,40.07520000000003,2022-06-13T05:09:56.227486Z,12.307486,final_sgc_catalog,,
SGC2022lnpqkc,2022-06-13T05:09:43.920000Z,7.7155,-73.857,82.47,-94.69013362381008,79.64945999999995,82.47,VMM11,CM,0,HHZ,7.44,-73.57,-62.97943543240506,48.98080000000004,2022-06-13T05:09:56.748643Z,12.828643,final_sgc_catalog,,
SGC2022lnpqkc,2022-06-13T05:09:43.920000Z,7.7155,-73.857,82.47,-94.69013362381008,79.64945999999995,82.47,BRJC,CM,0,HHZ,6.97,-73.74,-81.76277582452627,-3.3396000000000274,2022-06-13T05:09:58.670228Z,14.750228,final_sgc_catalog,,
SGC2022lnpqkc,2022-06-13T05:09:43.920000Z,7.7155,-73.857,82.47,-94.69013362381008,79.64945999999995,82.47,VMM09,CM,0,HHZ,7.13,-73.29,-32.04216890420715,14.471599999999988,2022-06-13T05:09:59.872729Z,15.952729,final_sgc_catalog,,
SGC2022lnpqkc,2022-06-13T05:09:43.920000Z,7.7155,-73.857,82.47,-94.69013362381008,79.64945999999995,82.47,PDSC,CM,10,HNZ,6.99,-73.06,-6.629414256042969,-1.1131999999999762,2022-06-13T05:10:02.126029Z,18.206029,final_sgc_catalog,,
SGC2022lnpqkc,2022-06-13T05:09:43.920000Z,7.7155,-73.857,82.47,-94.69013362381008,79.64945999999995,82.47,PTB,CM,0,HHZ,6.54,-74.46,-161.31574689703876,-51.20719999999999,2022-06-13T05:10:05.269584Z,21.349584,final_sgc_catalog,,
SGC2022lnpqkc,2022-06-13T05:09:43.920000Z,7.7155,-73.857,82.47,-94.69013362381008,79.64945999999995,82.47,PTB1,CM,0,HHZ,6.53321,-74.45888,-161.19199783092594,-51.96306279999995,2022-06-13T05:10:05.331050Z,21.41105,final_sgc_catalog,,
SGC2022lnpqkc,2022-06-13T05:09:43.920000Z,7.7155,-73.857,82.47,-94.69013362381008,79.64945999999995,82.47,PAM,CM,20,EHZ,7.34,-72.7,33.147071280213275,37.84879999999998,2022-06-13T05:10:05.508536Z,21.588536,final_sgc_catalog,,
SGC2022lnpqkc,2022-06-13T05:09:43.920000Z,7.7155,-73.857,82.47,-94.69013362381008,79.64945999999995,82.47,BAR2,CM,0,HHZ,6.59,-73.18,-19.888242768128904,-45.64120000000001,2022-06-13T05:10:05.918318Z,21.998318,final_sgc_catalog,,
SGC2022luluqb,2022-06-16T22:45:18.559999Z,7.2135,-73.80216667,31.58,-88.63158596367249,23.766819999999974,31.58,VMM07,CM,0,HHZ,7.36,-73.85,-93.91670196060451,40.07520000000003,2022-06-16T22:45:23.761077Z,5.201078,final_sgc_catalog,,
SGC2022luluqb,2022-06-16T22:45:18.559999Z,7.2135,-73.80216667,31.58,-88.63158596367249,23.766819999999974,31.58,BRJC,CM,0,HHZ,6.97,-73.74,-81.76277582452627,-3.3396000000000274,2022-06-16T22:45:24.299960Z,5.739961,final_sgc_catalog,,
SGC2022luluqb,2022-06-16T22:45:18.559999Z,7.2135,-73.80216667,31.58,-88.63158596367249,23.766819999999974,31.58,VMM10,CM,0,HHZ,6.77,-73.72,-79.55297107251248,-25.603600000000046,2022-06-16T22:45:27.157528Z,8.597529,final_sgc_catalog,,
SGC2022luluqb,2022-06-16T22:45:18.559999Z,7.2135,-73.80216667,31.58,-88.63158596367249,23.766819999999974,31.58,PDSC,CM,10,HNZ,6.99,-73.06,-6.629414256042969,-1.1131999999999762,2022-06-16T22:45:31.875428Z,13.315429,final_sgc_catalog,,
SGC2022luluqb,2022-06-16T22:45:18.559999Z,7.2135,-73.80216667,31.58,-88.63158596367249,23.766819999999974,31.58,PTB,CM,0,HHZ,6.54,-74.46,-161.31574689703876,-51.20719999999999,2022-06-16T22:45:33.848490Z,15.288491,final_sgc_catalog,,
SGC2022luluqb,2022-06-16T22:45:18.559999Z,7.2135,-73.80216667,31.58,-88.63158596367249,23.766819999999974,31.58,PTB1,CM,0,HHZ,6.53321,-74.45888,-161.19199783092594,-51.96306279999995,2022-06-16T22:45:33.925583Z,15.365584,final_sgc_catalog,,
SGC2022luluqb,2022-06-16T22:45:18.559999Z,7.2135,-73.80216667,31.58,-88.63158596367249,23.766819999999974,31.58,BAR2,CM,0,HHZ,6.59,-73.18,-19.888242768128904,-45.64120000000001,2022-06-16T22:45:34.694022Z,16.134023,final_sgc_catalog,,
SGC2022luluqb,2022-06-16T22:45:18.559999Z,7.2135,-73.80216667,31.58,-88.63158596367249,23.766819999999974,31.58,PAM,CM,20,EHZ,7.34,-72.7,33.147071280213275,37.84879999999998,2022-06-16T22:45:37.748571Z,19.188572,final_sgc_catalog,,
SGC2022mdzfra,2022-06-22T03:10:44.359999Z,7.629,-73.8705,77.95,-96.18175183142051,70.02027999999994,77.95,VMM07,CM,0,HHZ,7.36,-73.85,-93.91670196060451,40.07520000000003,2022-06-22T03:10:55.407321Z,11.047322,final_sgc_catalog,,
SGC2022mdzfra,2022-06-22T03:10:44.359999Z,7.629,-73.8705,77.95,-96.18175183142051,70.02027999999994,77.95,BRJC,CM,0,HHZ,6.97,-73.74,-81.76277582452627,-3.3396000000000274,2022-06-22T03:10:58.380307Z,14.020308,final_sgc_catalog,,
SGC2022mdzfra,2022-06-22T03:10:44.359999Z,7.629,-73.8705,77.95,-96.18175183142051,70.02027999999994,77.95,VMM10,CM,0,HHZ,6.77,-73.72,-79.55297107251248,-25.603600000000046,2022-06-22T03:10:59.892726Z,15.532727,final_sgc_catalog,,
SGC2022mdzfra,2022-06-22T03:10:44.359999Z,7.629,-73.8705,77.95,-96.18175183142051,70.02027999999994,77.95,PTB1,CM,0,HHZ,6.53321,-74.45888,-161.19199783092594,-51.96306279999995,2022-06-22T03:11:04.347883Z,19.987884,final_sgc_catalog,,
SGC2022mdzfra,2022-06-22T03:10:44.359999Z,7.629,-73.8705,77.95,-96.18175183142051,70.02027999999994,77.95,PTB,CM,0,HHZ,6.54,-74.46,-161.31574689703876,-51.20719999999999,2022-06-22T03:11:04.407493Z,20.047494,final_sgc_catalog,,
SGC2022mdzfra,2022-06-22T03:10:44.359999Z,7.629,-73.8705,77.95,-96.18175183142051,70.02027999999994,77.95,PDSC,CM,10,HNZ,6.99,-73.06,-6.629414256042969,-1.1131999999999762,2022-06-22T03:11:04.702081Z,20.342082,final_sgc_catalog,,
SGC2022mdzfra,2022-06-22T03:10:44.359999Z,7.629,-73.8705,77.95,-96.18175183142051,70.02027999999994,77.95,PAM,CM,20,EHZ,7.34,-72.7,33.147071280213275,37.84879999999998,2022-06-22T03:11:05.266595Z,20.906596,final_sgc_catalog,,
SGC2022mdzfra,2022-06-22T03:10:44.359999Z,7.629,-73.8705,77.95,-96.18175183142051,70.02027999999994,77.95,BAR2,CM,0,HHZ,6.59,-73.18,-19.888242768128904,-45.64120000000001,2022-06-22T03:11:06.469625Z,22.109626,final_sgc_catalog,,
SGC2022metnph,2022-06-22T13:23:17.640000Z,7.2665,-74.159,65.72,-128.05818537922582,29.666779999999967,65.72,VMM07,CM,0,HHZ,7.36,-73.85,-93.91670196060451,40.07520000000003,2022-06-22T13:23:28.040788Z,10.400788,final_sgc_catalog,,
SGC2022metnph,2022-06-22T13:23:17.640000Z,7.2665,-74.159,65.72,-128.05818537922582,29.666779999999967,65.72,BRJC,CM,0,HHZ,6.97,-73.74,-81.76277582452627,-3.3396000000000274,2022-06-22T13:23:28.896277Z,11.256277,final_sgc_catalog,,
SGC2022metnph,2022-06-22T13:23:17.640000Z,7.2665,-74.159,65.72,-128.05818537922582,29.666779999999967,65.72,VMM10,CM,0,HHZ,6.77,-73.72,-79.55297107251248,-25.603600000000046,2022-06-22T13:23:30.795757Z,13.155757,final_sgc_catalog,,
SGC2022metnph,2022-06-22T13:23:17.640000Z,7.2665,-74.159,65.72,-128.05818537922582,29.666779999999967,65.72,PTB1,CM,0,HHZ,6.53321,-74.45888,-161.19199783092594,-51.96306279999995,2022-06-22T13:23:31.704872Z,14.064872,final_sgc_catalog,,
SGC2022metnph,2022-06-22T13:23:17.640000Z,7.2665,-74.159,65.72,-128.05818537922582,29.666779999999967,65.72,PTB,CM,0,HHZ,6.54,-74.46,-161.31574689703876,-51.20719999999999,2022-06-22T13:23:31.718054Z,14.078054,final_sgc_catalog,,
SGC2022metnph,2022-06-22T13:23:17.640000Z,7.2665,-74.159,65.72,-128.05818537922582,29.666779999999967,65.72,BAR2,CM,0,HHZ,6.59,-73.18,-19.888242768128904,-45.64120000000001,2022-06-22T13:23:37.478602Z,19.838602,final_sgc_catalog,,
SGC2022metnph,2022-06-22T13:23:17.640000Z,7.2665,-74.159,65.72,-128.05818537922582,29.666779999999967,65.72,PAM,CM,20,EHZ,7.34,-72.7,33.147071280213275,37.84879999999998,2022-06-22T13:23:41.333452Z,23.693452,final_sgc_catalog,,
SGC2022ofpwob,2022-07-21T08:30:09.380000Z,6.385,-73.64716667,109.69,-71.50559913556202,-68.46180000000003,109.69,VMM10,CM,0,HHZ,6.77,-73.72,-79.55297107251248,-25.603600000000046,2022-07-21T08:30:24.519916Z,15.139916,final_sgc_catalog,,
SGC2022ofpwob,2022-07-21T08:30:09.380000Z,6.385,-73.64716667,109.69,-71.50559913556202,-68.46180000000003,109.69,BRJC,CM,0,HHZ,6.97,-73.74,-81.76277582452627,-3.3396000000000274,2022-07-21T08:30:25.659984Z,16.279984,final_sgc_catalog,,
SGC2022ofpwob,2022-07-21T08:30:09.380000Z,6.385,-73.64716667,109.69,-71.50559913556202,-68.46180000000003,109.69,BAR2,CM,0,HHZ,6.59,-73.18,-19.888242768128904,-45.64120000000001,2022-07-21T08:30:25.678379Z,16.298379,final_sgc_catalog,,
SGC2022ofpwob,2022-07-21T08:30:09.380000Z,6.385,-73.64716667,109.69,-71.50559913556202,-68.46180000000003,109.69,PTB1,CM,0,HHZ,6.53321,-74.45888,-161.19199783092594,-51.96306279999995,2022-07-21T08:30:26.660586Z,17.280586,final_sgc_catalog,,
SGC2022ofpwob,2022-07-21T08:30:09.380000Z,6.385,-73.64716667,109.69,-71.50559913556202,-68.46180000000003,109.69,PTB,CM,0,HHZ,6.54,-74.46,-161.31574689703876,-51.20719999999999,2022-07-21T08:30:26.688362Z,17.308362,final_sgc_catalog,,
SGC2022ofpwob,2022-07-21T08:30:09.380000Z,6.385,-73.64716667,109.69,-71.50559913556202,-68.46180000000003,109.69,PDSC,CM,10,HNZ,6.99,-73.06,-6.629414256042969,-1.1131999999999762,2022-07-21T08:30:28.074987Z,18.694987,final_sgc_catalog,,
SGC2022ofpwob,2022-07-21T08:30:09.380000Z,6.385,-73.64716667,109.69,-71.50559913556202,-68.46180000000003,109.69,VMM07,CM,0,HHZ,7.36,-73.85,-93.91670196060451,40.07520000000003,2022-07-21T08:30:29.670840Z,20.29084,final_sgc_catalog,,
SGC2022ofpwob,2022-07-21T08:30:09.380000Z,6.385,-73.64716667,109.69,-71.50559913556202,-68.46180000000003,109.69,PAM,CM,20,EHZ,7.34,-72.7,33.147071280213275,37.84879999999998,2022-07-21T08:30:33.878508Z,24.498508,final_sgc_catalog,,
SGC2022ofpwob,2022-07-21T08:30:09.380000Z,6.385,-73.64716667,109.69,-71.50559913556202,-68.46180000000003,109.69,CPAMP,CM,10,HNZ,7.379,-72.6372,40.08585820153751,42.19027999999995,2022-07-21T08:30:34.799984Z,25.419984,final_sgc_catalog,,
SGC2022omvgfe,2022-07-25T06:43:32.380000Z,6.700666667,-74.2005,78.16,-132.64353023965526,-33.32178662955998,78.16,PTB,CM,0,HHZ,6.54,-74.46,-161.31574689703876,-51.20719999999999,2022-07-25T06:43:43.547079Z,11.167079,final_sgc_catalog,,
SGC2022omvgfe,2022-07-25T06:43:32.380000Z,6.700666667,-74.2005,78.16,-132.64353023965526,-33.32178662955998,78.16,PTB1,CM,0,HHZ,6.53321,-74.45888,-161.19199783092594,-51.96306279999995,2022-07-25T06:43:43.572394Z,11.192394,final_sgc_catalog,,
SGC2022omvgfe,2022-07-25T06:43:32.380000Z,6.700666667,-74.2005,78.16,-132.64353023965526,-33.32178662955998,78.16,BRJC,CM,0,HHZ,6.97,-73.74,-81.76277582452627,-3.3396000000000274,2022-07-25T06:43:44.850916Z,12.470916,final_sgc_catalog,,
SGC2022omvgfe,2022-07-25T06:43:32.380000Z,6.700666667,-74.2005,78.16,-132.64353023965526,-33.32178662955998,78.16,VMM10,CM,0,HHZ,6.77,-73.72,-79.55297107251248,-25.603600000000046,2022-07-25T06:43:45.444498Z,13.064498,final_sgc_catalog,,
SGC2022omvgfe,2022-07-25T06:43:32.380000Z,6.700666667,-74.2005,78.16,-132.64353023965526,-33.32178662955998,78.16,VMM07,CM,0,HHZ,7.36,-73.85,-93.91670196060451,40.07520000000003,2022-07-25T06:43:48.135357Z,15.755357,final_sgc_catalog,,
SGC2022omvgfe,2022-07-25T06:43:32.380000Z,6.700666667,-74.2005,78.16,-132.64353023965526,-33.32178662955998,78.16,BAR2,CM,0,HHZ,6.59,-73.18,-19.888242768128904,-45.64120000000001,2022-07-25T06:43:51.031141Z,18.651141,final_sgc_catalog,,
SGC2022omvgfe,2022-07-25T06:43:32.380000Z,6.700666667,-74.2005,78.16,-132.64353023965526,-33.32178662955998,78.16,PDSC,CM,10,HNZ,6.99,-73.06,-6.629414256042969,-1.1131999999999762,2022-07-25T06:43:52.840250Z,20.46025,final_sgc_catalog,,
SGC2022omvgfe,2022-07-25T06:43:32.380000Z,6.700666667,-74.2005,78.16,-132.64353023965526,-33.32178662955998,78.16,PAM,CM,20,EHZ,7.34,-72.7,33.147071280213275,37.84879999999998,2022-07-25T06:43:58.853390Z,26.47339,final_sgc_catalog,,
SGC2022oormtr,2022-07-26T06:59:26.079999Z,7.220666667,-74.353,68.14,-149.49329147376267,24.564613370439965,68.14,VMM07,CM,0,HHZ,7.36,-73.85,-93.91670196060451,40.07520000000003,2022-07-26T06:59:38.244256Z,12.164257,final_sgc_catalog,,
SGC2022oormtr,2022-07-26T06:59:26.079999Z,7.220666667,-74.353,68.14,-149.49329147376267,24.564613370439965,68.14,BRJC,CM,0,HHZ,6.97,-73.74,-81.76277582452627,-3.3396000000000274,2022-07-26T06:59:39.522023Z,13.442024,final_sgc_catalog,,
SGC2022oormtr,2022-07-26T06:59:26.079999Z,7.220666667,-74.353,68.14,-149.49329147376267,24.564613370439965,68.14,PTB,CM,0,HHZ,6.54,-74.46,-161.31574689703876,-51.20719999999999,2022-07-26T06:59:39.804306Z,13.724307,final_sgc_catalog,,
SGC2022oormtr,2022-07-26T06:59:26.079999Z,7.220666667,-74.353,68.14,-149.49329147376267,24.564613370439965,68.14,PTB1,CM,0,HHZ,6.53321,-74.45888,-161.19199783092594,-51.96306279999995,2022-07-26T06:59:39.848004Z,13.768005,final_sgc_catalog,,
SGC2022oormtr,2022-07-26T06:59:26.079999Z,7.220666667,-74.353,68.14,-149.49329147376267,24.564613370439965,68.14,VMM10,CM,0,HHZ,6.77,-73.72,-79.55297107251248,-25.603600000000046,2022-07-26T06:59:40.650055Z,14.570056,final_sgc_catalog,,
SGC2022oormtr,2022-07-26T06:59:26.079999Z,7.220666667,-74.353,68.14,-149.49329147376267,24.564613370439965,68.14,PDSC,CM,10,HNZ,6.99,-73.06,-6.629414256042969,-1.1131999999999762,2022-07-26T06:59:47.869909Z,21.78991,final_sgc_catalog,,
SGC2022oormtr,2022-07-26T06:59:26.079999Z,7.220666667,-74.353,68.14,-149.49329147376267,24.564613370439965,68.14,BAR2,CM,0,HHZ,6.59,-73.18,-19.888242768128904,-45.64120000000001,2022-07-26T06:59:48.515516Z,22.435517,final_sgc_catalog,,
SGC2022oormtr,2022-07-26T06:59:26.079999Z,7.220666667,-74.353,68.14,-149.49329147376267,24.564613370439965,68.14,PAM,CM,20,EHZ,7.34,-72.7,33.147071280213275,37.84879999999998,2022-07-26T06:59:52.957123Z,26.877124,final_sgc_catalog,,
SGC2022pdaiuz,2022-08-03T02:29:16.420000Z,6.696333333,-73.6905,55.52,-76.29350906329161,-33.80417337043998,55.52,VMM10,CM,0,HHZ,6.77,-73.72,-79.55297107251248,-25.603600000000046,2022-08-03T02:29:27.317167Z,10.897167,final_sgc_catalog,,
SGC2022pdaiuz,2022-08-03T02:29:16.420000Z,6.696333333,-73.6905,55.52,-76.29350906329161,-33.80417337043998,55.52,BAR2,CM,0,HHZ,6.59,-73.18,-19.888242768128904,-45.64120000000001,2022-08-03T02:29:28.080653Z,11.660653,final_sgc_catalog,,
SGC2022pdaiuz,2022-08-03T02:29:16.420000Z,6.696333333,-73.6905,55.52,-76.29350906329161,-33.80417337043998,55.52,BRJC,CM,0,HHZ,6.97,-73.74,-81.76277582452627,-3.3396000000000274,2022-08-03T02:29:28.088437Z,11.668437,final_sgc_catalog,,
SGC2022pdaiuz,2022-08-03T02:29:16.420000Z,6.696333333,-73.6905,55.52,-76.29350906329161,-33.80417337043998,55.52,PDSC,CM,10,HNZ,6.99,-73.06,-6.629414256042969,-1.1131999999999762,2022-08-03T02:29:29.447366Z,13.027366,final_sgc_catalog,,
SGC2022pdaiuz,2022-08-03T02:29:16.420000Z,6.696333333,-73.6905,55.52,-76.29350906329161,-33.80417337043998,55.52,PTB,CM,0,HHZ,6.54,-74.46,-161.31574689703876,-51.20719999999999,2022-08-03T02:29:30.860634Z,14.440634,final_sgc_catalog,,
SGC2022pdaiuz,2022-08-03T02:29:16.420000Z,6.696333333,-73.6905,55.52,-76.29350906329161,-33.80417337043998,55.52,VMM07,CM,0,HHZ,7.36,-73.85,-93.91670196060451,40.07520000000003,2022-08-03T02:29:31.893963Z,15.473963,final_sgc_catalog,,
SGC2022pdaiuz,2022-08-03T02:29:16.420000Z,6.696333333,-73.6905,55.52,-76.29350906329161,-33.80417337043998,55.52,PAM,CM,20,EHZ,7.34,-72.7,33.147071280213275,37.84879999999998,2022-08-03T02:29:34.530703Z,18.110703,final_sgc_catalog,,
SGC2022pdaiuz,2022-08-03T02:29:16.420000Z,6.696333333,-73.6905,55.52,-76.29350906329161,-33.80417337043998,55.52,CPAMP,CM,10,HNZ,7.379,-72.6372,40.08585820153751,42.19027999999995,2022-08-03T02:29:35.359811Z,18.939811,final_sgc_catalog,,
SGC2022razkne,2022-08-30T07:44:38.560000Z,7.291166667,-73.48216667,112.79,-53.27470993144385,32.41267337043997,112.79,VMM11,CM,0,HHZ,7.44,-73.57,-62.97943543240506,48.98080000000004,2022-08-30T07:44:54.013168Z,15.453168,final_sgc_catalog,,
SGC2022razkne,2022-08-30T07:44:38.560000Z,7.291166667,-73.48216667,112.79,-53.27470993144385,32.41267337043997,112.79,BRJC,CM,0,HHZ,6.97,-73.74,-81.76277582452627,-3.3396000000000274,2022-08-30T07:44:54.650012Z,16.090012,final_sgc_catalog,,
SGC2022razkne,2022-08-30T07:44:38.560000Z,7.291166667,-73.48216667,112.79,-53.27470993144385,32.41267337043997,112.79,VMM07,CM,0,HHZ,7.36,-73.85,-93.91670196060451,40.07520000000003,2022-08-30T07:44:54.952177Z,16.392177,final_sgc_catalog,,
SGC2022razkne,2022-08-30T07:44:38.560000Z,7.291166667,-73.48216667,112.79,-53.27470993144385,32.41267337043997,112.79,VMM10,CM,0,HHZ,6.77,-73.72,-79.55297107251248,-25.603600000000046,2022-08-30T07:44:55.542604Z,16.982604,final_sgc_catalog,,
SGC2022razkne,2022-08-30T07:44:38.560000Z,7.291166667,-73.48216667,112.79,-53.27470993144385,32.41267337043997,112.79,BAR2,CM,0,HHZ,6.59,-73.18,-19.888242768128904,-45.64120000000001,2022-08-30T07:44:57.528401Z,18.968401,final_sgc_catalog,,
SGC2022razkne,2022-08-30T07:44:38.560000Z,7.291166667,-73.48216667,112.79,-53.27470993144385,32.41267337043997,112.79,PAM,CM,20,EHZ,7.34,-72.7,33.147071280213275,37.84879999999998,2022-08-30T07:44:57.778378Z,19.218378,final_sgc_catalog,,
SGC2022razkne,2022-08-30T07:44:38.560000Z,7.291166667,-73.48216667,112.79,-53.27470993144385,32.41267337043997,112.79,CPAMP,CM,10,HNZ,7.379,-72.6372,40.08585820153751,42.19027999999995,2022-08-30T07:44:58.744749Z,20.184749,final_sgc_catalog,,
SGC2022razkne,2022-08-30T07:44:38.560000Z,7.291166667,-73.48216667,112.79,-53.27470993144385,32.41267337043997,112.79,PTB,CM,0,HHZ,6.54,-74.46,-161.31574689703876,-51.20719999999999,2022-08-30T07:45:01.358427Z,22.798427,final_sgc_catalog,,
SGC2022razkne,2022-08-30T07:44:38.560000Z,7.291166667,-73.48216667,112.79,-53.27470993144385,32.41267337043997,112.79,PTB1,CM,0,HHZ,6.53321,-74.45888,-161.19199783092594,-51.96306279999995,2022-08-30T07:45:01.540054Z,22.980054,final_sgc_catalog,,
SGC2023tnjthq,2023-10-04T09:42:57.649999Z,6.8055,-73.1465,149.53,-16.186819808504655,-21.65173999999996,149.53,PDSC,CM,10,HNZ,6.99,-73.06,-6.629414256042969,-1.1131999999999762,2023-10-04T09:43:17.592027Z,19.942028,final_sgc_catalog,,
SGC2023tnjthq,2023-10-04T09:42:57.649999Z,6.8055,-73.1465,149.53,-16.186819808504655,-21.65173999999996,149.53,BAR2,CM,0,HHZ,6.59,-73.18,-19.888242768128904,-45.64120000000001,2023-10-04T09:43:17.812440Z,20.162441,final_sgc_catalog,,
SGC2023tnjthq,2023-10-04T09:42:57.649999Z,6.8055,-73.1465,149.53,-16.186819808504655,-21.65173999999996,149.53,BRJC,CM,0,HHZ,6.97,-73.74,-81.76277582452627,-3.3396000000000274,2023-10-04T09:43:19.439478Z,21.789479,final_sgc_catalog,,
SGC2023tnjthq,2023-10-04T09:42:57.649999Z,6.8055,-73.1465,149.53,-16.186819808504655,-21.65173999999996,149.53,CPAM3,CM,20,EHZ,7.36444,-72.66475,37.04185215563891,40.56946080000001,2023-10-04T09:43:20.475309Z,22.82531,final_sgc_catalog,,
SGC2023tnjthq,2023-10-04T09:42:57.649999Z,6.8055,-73.1465,149.53,-16.186819808504655,-21.65173999999996,149.53,PAM,CM,20,EHZ,7.34,-72.7,33.147071280213275,37.84879999999998,2023-10-04T09:43:20.612649Z,22.96265,final_sgc_catalog,,
SGC2023tnjthq,2023-10-04T09:42:57.649999Z,6.8055,-73.1465,149.53,-16.186819808504655,-21.65173999999996,149.53,CPAMP,CM,10,HNZ,7.379,-72.6372,40.08585820153751,42.19027999999995,2023-10-04T09:43:20.755410Z,23.105411,final_sgc_catalog,,
SGC2023tnjthq,2023-10-04T09:42:57.649999Z,6.8055,-73.1465,149.53,-16.186819808504655,-21.65173999999996,149.53,PTB1,CM,0,HHZ,6.53321,-74.45888,-161.19199783092594,-51.96306279999995,2023-10-04T09:43:24.107237Z,26.457238,final_sgc_catalog,,
SGC2024bkjqkz,2024-01-20T19:31:45.280000Z,6.804333333,-73.09916667,150.91,-10.956948930371665,-21.781613370440024,150.91,PDSC,CM,10,HNZ,6.99,-73.06,-6.629414256042969,-1.1131999999999762,2024-01-20T19:32:05.299438Z,20.019438,final_sgc_catalog,,
SGC2024bkjqkz,2024-01-20T19:31:45.280000Z,6.804333333,-73.09916667,150.91,-10.956948930371665,-21.781613370440024,150.91,BAR2,CM,0,HHZ,6.59,-73.18,-19.888242768128904,-45.64120000000001,2024-01-20T19:32:05.601878Z,20.321878,final_sgc_catalog,,
SGC2024bkjqkz,2024-01-20T19:31:45.280000Z,6.804333333,-73.09916667,150.91,-10.956948930371665,-21.781613370440024,150.91,VMM10,CM,0,HHZ,6.77,-73.72,-79.55297107251248,-25.603600000000046,2024-01-20T19:32:07.089077Z,21.809077,final_sgc_catalog,,
SGC2024bkjqkz,2024-01-20T19:31:45.280000Z,6.804333333,-73.09916667,150.91,-10.956948930371665,-21.781613370440024,150.91,BRJC,CM,0,HHZ,6.97,-73.74,-81.76277582452627,-3.3396000000000274,2024-01-20T19:32:07.316994Z,22.036994,final_sgc_catalog,,
SGC2024bkjqkz,2024-01-20T19:31:45.280000Z,6.804333333,-73.09916667,150.91,-10.956948930371665,-21.781613370440024,150.91,CPAMP,CM,10,HNZ,7.379,-72.6372,40.08585820153751,42.19027999999995,2024-01-20T19:32:08.134610Z,22.85461,final_sgc_catalog,,
SGC2024bkjqkz,2024-01-20T19:31:45.280000Z,6.804333333,-73.09916667,150.91,-10.956948930371665,-21.781613370440024,150.91,PAM,CM,20,EHZ,7.34,-72.7,33.147071280213275,37.84879999999998,2024-01-20T19:32:08.346694Z,23.066694,final_sgc_catalog,,
SGC2024clkrqm,2024-02-04T13:04:09.519999Z,6.796333333,-73.125,150.3,-13.811279700088994,-22.672173370440024,150.3,PDSC,CM,10,HNZ,6.99,-73.06,-6.629414256042969,-1.1131999999999762,2024-02-04T13:04:29.530000Z,20.010001,final_sgc_catalog,,
SGC2024clkrqm,2024-02-04T13:04:09.519999Z,6.796333333,-73.125,150.3,-13.811279700088994,-22.672173370440024,150.3,BAR2,CM,0,HHZ,6.59,-73.18,-19.888242768128904,-45.64120000000001,2024-02-04T13:04:29.808393Z,20.288394,final_sgc_catalog,,
SGC2024clkrqm,2024-02-04T13:04:09.519999Z,6.796333333,-73.125,150.3,-13.811279700088994,-22.672173370440024,150.3,VMM10,CM,0,HHZ,6.77,-73.72,-79.55297107251248,-25.603600000000046,2024-02-04T13:04:31.230000Z,21.710001,final_sgc_catalog,,
SGC2024clkrqm,2024-02-04T13:04:09.519999Z,6.796333333,-73.125,150.3,-13.811279700088994,-22.672173370440024,150.3,BRJC,CM,0,HHZ,6.97,-73.74,-81.76277582452627,-3.3396000000000274,2024-02-04T13:04:31.490000Z,21.970001,final_sgc_catalog,,
SGC2024clkrqm,2024-02-04T13:04:09.519999Z,6.796333333,-73.125,150.3,-13.811279700088994,-22.672173370440024,150.3,PAM,CM,20,EHZ,7.34,-72.7,33.147071280213275,37.84879999999998,2024-02-04T13:04:32.628393Z,23.108394,final_sgc_catalog,,
SGC2024clkrqm,2024-02-04T13:04:09.519999Z,6.796333333,-73.125,150.3,-13.811279700088994,-22.672173370440024,150.3,CPAM3,CM,20,EHZ,7.36444,-72.66475,37.04185215563891,40.56946080000001,2024-02-04T13:04:32.720000Z,23.200001,final_sgc_catalog,,
SGC2024clkrqm,2024-02-04T13:04:09.519999Z,6.796333333,-73.125,150.3,-13.811279700088994,-22.672173370440024,150.3,CPAMP,CM,10,HNZ,7.379,-72.6372,40.08585820153751,42.19027999999995,2024-02-04T13:04:33.335000Z,23.815001,final_sgc_catalog,,
SGC2026alqild,2026-01-07T08:01:46.179999Z,7.4355,-73.19133333,136.47,-21.140465092636116,48.47986000000002,136.47,PDSC,CM,10,HNZ,6.99,-73.06,-6.629414256042969,-1.1131999999999762,2026-01-07T08:02:04.889105Z,18.709106,final_sgc_catalog,,
SGC2026alqild,2026-01-07T08:01:46.179999Z,7.4355,-73.19133333,136.47,-21.140465092636116,48.47986000000002,136.47,CPAM3,CM,20,EHZ,7.36444,-72.66475,37.04185215563891,40.56946080000001,2026-01-07T08:02:06.016810Z,19.836811,final_sgc_catalog,,
SGC2026alqild,2026-01-07T08:01:46.179999Z,7.4355,-73.19133333,136.47,-21.140465092636116,48.47986000000002,136.47,PAM,CM,20,EHZ,7.34,-72.7,33.147071280213275,37.84879999999998,2026-01-07T08:02:06.029341Z,19.849342,final_sgc_catalog,,
SGC2026alqild,2026-01-07T08:01:46.179999Z,7.4355,-73.19133333,136.47,-21.140465092636116,48.47986000000002,136.47,BRJC,CM,0,HHZ,6.97,-73.74,-81.76277582452627,-3.3396000000000274,2026-01-07T08:02:06.448853Z,20.268854,final_sgc_catalog,,
SGC2026alqild,2026-01-07T08:01:46.179999Z,7.4355,-73.19133333,136.47,-21.140465092636116,48.47986000000002,136.47,VMM07,CM,0,HHZ,7.36,-73.85,-93.91670196060451,40.07520000000003,2026-01-07T08:02:06.742434Z,20.562435,final_sgc_catalog,,
SGC2026alqild,2026-01-07T08:01:46.179999Z,7.4355,-73.19133333,136.47,-21.140465092636116,48.47986000000002,136.47,VMM10,CM,0,HHZ,6.77,-73.72,-79.55297107251248,-25.603600000000046,2026-01-07T08:02:07.529975Z,21.349976,final_sgc_catalog,,
SGC2026alqild,2026-01-07T08:01:46.179999Z,7.4355,-73.19133333,136.47,-21.140465092636116,48.47986000000002,136.47,BAR2,CM,0,HHZ,6.59,-73.18,-19.888242768128904,-45.64120000000001,2026-01-07T08:02:07.748350Z,21.568351,final_sgc_catalog,,
SGC2026alqild,2026-01-07T08:01:46.179999Z,7.4355,-73.19133333,136.47,-21.140465092636116,48.47986000000002,136.47,PTB1,CM,0,HHZ,6.53321,-74.45888,-161.19199783092594,-51.96306279999995,2026-01-07T08:02:14.067565Z,27.887566,final_sgc_catalog,,
SGC2026cjxroc,2026-02-03T17:27:11.980784Z,6.752508755,-73.1467329,141.1328125,-16.212552984841896,-27.550725393399997,141.1328125,PDSC,CM,10,HNZ,6.99,-73.06,-6.629414256042969,-1.1131999999999762,2026-02-03T17:27:32.153291Z,20.172507,final_sgc_catalog,,
SGC2026cjxroc,2026-02-03T17:27:11.980784Z,6.752508755,-73.1467329,141.1328125,-16.212552984841896,-27.550725393399997,141.1328125,BAR2,CM,10,HNZ,6.59,-73.18,-19.888242768128904,-45.64120000000001,2026-02-03T17:27:32.439373Z,20.458589,final_sgc_catalog,,
SGC2026cjxroc,2026-02-03T17:27:11.980784Z,6.752508755,-73.1467329,141.1328125,-16.212552984841896,-27.550725393399997,141.1328125,BRJC,CM,0,HHZ,6.97,-73.74,-81.76277582452627,-3.3396000000000274,2026-02-03T17:27:33.909328Z,21.928544,final_sgc_catalog,,
SGC2026cjxroc,2026-02-03T17:27:11.980784Z,6.752508755,-73.1467329,141.1328125,-16.212552984841896,-27.550725393399997,141.1328125,VMM10,CM,0,HHZ,6.77,-73.72,-79.55297107251248,-25.603600000000046,2026-02-03T17:27:33.935067Z,21.954283,final_sgc_catalog,,
SGC2026cjxroc,2026-02-03T17:27:11.980784Z,6.752508755,-73.1467329,141.1328125,-16.212552984841896,-27.550725393399997,141.1328125,CPAM3,CM,20,EHZ,7.36444,-72.66475,37.04185215563891,40.56946080000001,2026-02-03T17:27:35.001618Z,23.020834,final_sgc_catalog,,
SGC2026cjxroc,2026-02-03T17:27:11.980784Z,6.752508755,-73.1467329,141.1328125,-16.212552984841896,-27.550725393399997,141.1328125,PAM,CM,20,EHZ,7.34,-72.7,33.147071280213275,37.84879999999998,2026-02-03T17:27:35.132742Z,23.151958,final_sgc_catalog,,
SGC2026cjxroc,2026-02-03T17:27:11.980784Z,6.752508755,-73.1467329,141.1328125,-16.212552984841896,-27.550725393399997,141.1328125,VMM07,CM,0,HHZ,7.36,-73.85,-93.91670196060451,40.07520000000003,2026-02-03T17:27:36.162267Z,24.181483,final_sgc_catalog,,
SGC2026cjxroc,2026-02-03T17:27:11.980784Z,6.752508755,-73.1467329,141.1328125,-16.212552984841896,-27.550725393399997,141.1328125,PTB1,CM,0,HHZ,6.53321,-74.45888,-161.19199783092594,-51.96306279999995,2026-02-03T17:27:38.899357Z,26.918573,final_sgc_catalog,,
SGC2018hxdw,2018-04-23T06:49:34.649999Z,7.437,-73.179,132.44,-19.777752530527664,48.646840000000026,132.44,PAM,CM,20,EHZ,7.34,-72.7,33.147071280213275,37.84879999999998,2018-04-23T06:49:54.147181Z,19.497182,xml_arrival_residual_proxy,SGC2018hxdw.xml,0.37
SGC2018hxdw,2018-04-23T06:49:34.649999Z,7.437,-73.179,132.44,-19.777752530527664,48.646840000000026,132.44,EZNC,CM,0,HHZ,7.63,-73.32,-35.35687603222707,70.13159999999998,2018-04-23T06:49:52.199576Z,17.549577,xml_arrival_residual_proxy,SGC2018hxdw.xml,0.04
SGC2018hxdw,2018-04-23T06:49:34.649999Z,7.437,-73.179,132.44,-19.777752530527664,48.646840000000026,132.44,VMM09,CM,0,HHZ,7.13,-73.29,-32.04216890420715,14.471599999999988,2018-04-23T06:49:52.567815Z,17.917816,xml_arrival_residual_proxy,SGC2018hxdw.xml,-0.01
SGC2018hxdw,2018-04-23T06:49:34.649999Z,7.437,-73.179,132.44,-19.777752530527664,48.646840000000026,132.44,VMM11,CM,0,HHN,7.44,-73.57,-62.97943543240506,48.98080000000004,2018-04-23T06:49:53.442101Z,18.792102,xml_arrival_residual_proxy,SGC2018hxdw.xml,0.79
SGC2018hxdw,2018-04-23T06:49:34.649999Z,7.437,-73.179,132.44,-19.777752530527664,48.646840000000026,132.44,VMM07,CM,0,HHZ,7.36,-73.85,-93.91670196060451,40.07520000000003,2018-04-23T06:49:54.838942Z,20.188943,xml_arrival_residual_proxy,SGC2018hxdw.xml,0.56
SGC2018hxdw,2018-04-23T06:49:34.649999Z,7.437,-73.179,132.44,-19.777752530527664,48.646840000000026,132.44,BAR2,CM,20,EHZ,6.59,-73.18,-19.888242768128904,-45.64120000000001,2018-04-23T06:49:55.867179Z,21.21718,xml_arrival_residual_proxy,SGC2018hxdw.xml,0.01
SGC2018hxdw,2018-04-23T06:49:34.649999Z,7.437,-73.179,132.44,-19.777752530527664,48.646840000000026,132.44,VMM10,CM,0,HHZ,6.77,-73.72,-79.55297107251248,-25.603600000000046,2018-04-23T06:49:55.606981Z,20.956982,xml_arrival_residual_proxy,SGC2018hxdw.xml,-0.11
SGC2018hxdw,2018-04-23T06:49:34.649999Z,7.437,-73.179,132.44,-19.777752530527664,48.646840000000026,132.44,PTB,CM,0,HHZ,6.54,-74.46,-161.31574689703876,-51.20719999999999,2018-04-23T06:50:01.672997Z,27.022998,xml_arrival_residual_proxy,SGC2018hxdw.xml,-0.93
SGC2018uupq,2018-10-23T21:19:58.729999Z,7.464166667,-73.72583333,49.84,-80.19749709021602,51.67103337043997,49.84,BRJC,CM,0,HHN,6.97,-73.74,-81.76277582452627,-3.3396000000000274,2018-10-23T21:20:09.228276Z,10.498277,xml_arrival_residual_proxy,SGC2018uupq.xml,0.07
SGC2018uupq,2018-10-23T21:19:58.729999Z,7.464166667,-73.72583333,49.84,-80.19749709021602,51.67103337043997,49.84,PDSC,CM,10,HNN,6.99,-73.06,-6.629414256042969,-1.1131999999999762,2018-10-23T21:20:12.863398Z,14.133399,xml_arrival_residual_proxy,SGC2018uupq.xml,-0.38
SGC2018uupq,2018-10-23T21:19:58.729999Z,7.464166667,-73.72583333,49.84,-80.19749709021602,51.67103337043997,49.84,BAR2,CM,20,EHZ,6.59,-73.18,-19.888242768128904,-45.64120000000001,2018-10-23T21:20:16.187623Z,17.457624,xml_arrival_residual_proxy,SGC2018uupq.xml,-0.01
SGC2018uupq,2018-10-23T21:19:58.729999Z,7.464166667,-73.72583333,49.84,-80.19749709021602,51.67103337043997,49.84,PAM,CM,20,EHN,7.34,-72.7,33.147071280213275,37.84879999999998,2018-10-23T21:20:16.743654Z,18.013655,xml_arrival_residual_proxy,SGC2018uupq.xml,0.22
SGC2018uupq,2018-10-23T21:19:58.729999Z,7.464166667,-73.72583333,49.84,-80.19749709021602,51.67103337043997,49.84,PTB,CM,0,HHN,6.54,-74.46,-161.31574689703876,-51.20719999999999,2018-10-23T21:20:16.976827Z,18.246828,xml_arrival_residual_proxy,SGC2018uupq.xml,-0.98
SGC2018uupq,2018-10-23T21:19:58.729999Z,7.464166667,-73.72583333,49.84,-80.19749709021602,51.67103337043997,49.84,VMM11,CM,0,HHZ,7.44,-73.57,-62.97943543240506,48.98080000000004,2018-10-23T21:20:06.692362Z,7.962363,xml_arrival_residual_proxy,SGC2018uupq.xml,0.45
SGC2018uupq,2018-10-23T21:19:58.729999Z,7.464166667,-73.72583333,49.84,-80.19749709021602,51.67103337043997,49.84,VMM07,CM,0,HHZ,7.36,-73.85,-93.91670196060451,40.07520000000003,2018-10-23T21:20:06.541928Z,7.811929,xml_arrival_residual_proxy,SGC2018uupq.xml,0.27
SGC2018uupq,2018-10-23T21:19:58.729999Z,7.464166667,-73.72583333,49.84,-80.19749709021602,51.67103337043997,49.84,VMM09,CM,0,HHZ,7.13,-73.29,-32.04216890420715,14.471599999999988,2018-10-23T21:20:09.828144Z,11.098145,xml_arrival_residual_proxy,SGC2018uupq.xml,-0.17
SGC2019ioilw,2019-05-02T15:50:12.189999Z,6.880166667,-73.48016667,1.16,-53.05372945624295,-13.339846629559986,1.16,VMM10,CM,0,HHZ,6.77,-73.72,-79.55297107251248,-25.603600000000046,2019-05-02T15:50:16.645500Z,4.455501,xml_arrival_residual_proxy,SGC2019ioilw.xml,-0.51
SGC2019ioilw,2019-05-02T15:50:12.189999Z,6.880166667,-73.48016667,1.16,-53.05372945624295,-13.339846629559986,1.16,BRJC,CM,0,HHZ,6.97,-73.74,-81.76277582452627,-3.3396000000000274,2019-05-02T15:50:16.752417Z,4.562418,xml_arrival_residual_proxy,SGC2019ioilw.xml,-0.58
SGC2019ioilw,2019-05-02T15:50:12.189999Z,6.880166667,-73.48016667,1.16,-53.05372945624295,-13.339846629559986,1.16,VMM09,CM,0,HHZ,7.13,-73.29,-32.04216890420715,14.471599999999988,2019-05-02T15:50:17.779958Z,5.589959,xml_arrival_residual_proxy,SGC2019ioilw.xml,-0.2
SGC2019ioilw,2019-05-02T15:50:12.189999Z,6.880166667,-73.48016667,1.16,-53.05372945624295,-13.339846629559986,1.16,BAR2,CM,20,EHZ,6.59,-73.18,-19.888242768128904,-45.64120000000001,2019-05-02T15:50:19.962475Z,7.772476,xml_arrival_residual_proxy,SGC2019ioilw.xml,0.11
SGC2019ioilw,2019-05-02T15:50:12.189999Z,6.880166667,-73.48016667,1.16,-53.05372945624295,-13.339846629559986,1.16,PDSC,CM,10,HNZ,6.99,-73.06,-6.629414256042969,-1.1131999999999762,2019-05-02T15:50:19.877285Z,7.687286,xml_arrival_residual_proxy,SGC2019ioilw.xml,-0.15
SGC2019ioilw,2019-05-02T15:50:12.189999Z,6.880166667,-73.48016667,1.16,-53.05372945624295,-13.339846629559986,1.16,VMM11,CM,0,HHZ,7.44,-73.57,-62.97943543240506,48.98080000000004,2019-05-02T15:50:22.289572Z,10.099573,xml_arrival_residual_proxy,SGC2019ioilw.xml,0.03
SGC2019ioilw,2019-05-02T15:50:12.189999Z,6.880166667,-73.48016667,1.16,-53.05372945624295,-13.339846629559986,1.16,VMM07,CM,0,HHZ,7.36,-73.85,-93.91670196060451,40.07520000000003,2019-05-02T15:50:23.043607Z,10.853608,xml_arrival_residual_proxy,SGC2019ioilw.xml,0.06
SGC2019ioilw,2019-05-02T15:50:12.189999Z,6.880166667,-73.48016667,1.16,-53.05372945624295,-13.339846629559986,1.16,PAM,CM,20,EHZ,7.34,-72.7,33.147071280213275,37.84879999999998,2019-05-02T15:50:28.473289Z,16.28329,xml_arrival_residual_proxy,SGC2019ioilw.xml,-0.04
SGC2019ioilw,2019-05-02T15:50:12.189999Z,6.880166667,-73.48016667,1.16,-53.05372945624295,-13.339846629559986,1.16,PTB,CM,0,HHZ,6.54,-74.46,-161.31574689703876,-51.20719999999999,2019-05-02T15:50:29.845686Z,17.655687,xml_arrival_residual_proxy,SGC2019ioilw.xml,-0.36
SGC2019mwyzm,2019-07-03T07:05:57.920000Z,6.688666667,-73.38316667,33.84,-42.33617640897295,-34.657626629560035,33.84,BAR2,CM,20,EHZ,6.59,-73.18,-19.888242768128904,-45.64120000000001,2019-07-03T07:06:04.265640Z,6.34564,xml_arrival_residual_proxy,SGC2019mwyzm.xml,-0.17
SGC2019mwyzm,2019-07-03T07:05:57.920000Z,6.688666667,-73.38316667,33.84,-42.33617640897295,-34.657626629560035,33.84,VMM10,CM,0,HHZ,6.77,-73.72,-79.55297107251248,-25.603600000000046,2019-07-03T07:06:05.093022Z,7.173022,xml_arrival_residual_proxy,SGC2019mwyzm.xml,-0.46
SGC2019mwyzm,2019-07-03T07:05:57.920000Z,6.688666667,-73.38316667,33.84,-42.33617640897295,-34.657626629560035,33.84,PDSC,CM,10,HNZ,6.99,-73.06,-6.629414256042969,-1.1131999999999762,2019-07-03T07:06:06.332148Z,8.412148,xml_arrival_residual_proxy,SGC2019mwyzm.xml,-0.48
SGC2019mwyzm,2019-07-03T07:05:57.920000Z,6.688666667,-73.38316667,33.84,-42.33617640897295,-34.657626629560035,33.84,VMM09,CM,0,HHZ,7.13,-73.29,-32.04216890420715,14.471599999999988,2019-07-03T07:06:06.620844Z,8.700844,xml_arrival_residual_proxy,SGC2019mwyzm.xml,-0.31
SGC2019mwyzm,2019-07-03T07:05:57.920000Z,6.688666667,-73.38316667,33.84,-42.33617640897295,-34.657626629560035,33.84,BRJC,CM,0,HHZ,6.97,-73.74,-81.76277582452627,-3.3396000000000274,2019-07-03T07:06:06.360744Z,8.440744,xml_arrival_residual_proxy,SGC2019mwyzm.xml,-0.58
SGC2019mwyzm,2019-07-03T07:05:57.920000Z,6.688666667,-73.38316667,33.84,-42.33617640897295,-34.657626629560035,33.84,VMM07,CM,0,HHZ,7.36,-73.85,-93.91670196060451,40.07520000000003,2019-07-03T07:06:12.319157Z,14.399157,xml_arrival_residual_proxy,SGC2019mwyzm.xml,0.24
SGC2019mwyzm,2019-07-03T07:05:57.920000Z,6.688666667,-73.38316667,33.84,-42.33617640897295,-34.657626629560035,33.84,EZNC,CM,0,HHZ,7.63,-73.32,-35.35687603222707,70.13159999999998,2019-07-03T07:06:13.652735Z,15.732735,xml_arrival_residual_proxy,SGC2019mwyzm.xml,-0.29
SGC2019mwyzm,2019-07-03T07:05:57.920000Z,6.688666667,-73.38316667,33.84,-42.33617640897295,-34.657626629560035,33.84,PAM,CM,20,EHZ,7.34,-72.7,33.147071280213275,37.84879999999998,2019-07-03T07:06:14.340828Z,16.420828,xml_arrival_residual_proxy,SGC2019mwyzm.xml,-0.08
SGC2019mwyzm,2019-07-03T07:05:57.920000Z,6.688666667,-73.38316667,33.84,-42.33617640897295,-34.657626629560035,33.84,PTB,CM,0,HHZ,6.54,-74.46,-161.31574689703876,-51.20719999999999,2019-07-03T07:06:14.543775Z,16.623775,xml_arrival_residual_proxy,SGC2019mwyzm.xml,-1.54
SGC2019nhquk,2019-07-09T03:25:30.089999Z,7.701666667,-73.23783333,9.78,-26.278261141068626,78.10953337043995,9.78,EZNC,CM,0,HHZ,7.63,-73.32,-35.35687603222707,70.13159999999998,2019-07-09T03:25:32.750524Z,2.660525,xml_arrival_residual_proxy,SGC2019nhquk.xml,0.07
SGC2019nhquk,2019-07-09T03:25:30.089999Z,7.701666667,-73.23783333,9.78,-26.278261141068626,78.10953337043995,9.78,VMM09,CM,0,HHZ,7.13,-73.29,-32.04216890420715,14.471599999999988,2019-07-09T03:25:40.221270Z,10.131271,xml_arrival_residual_proxy,SGC2019nhquk.xml,-0.05
SGC2019nhquk,2019-07-09T03:25:30.089999Z,7.701666667,-73.23783333,9.78,-26.278261141068626,78.10953337043995,9.78,PAM,CM,20,EHZ,7.34,-72.7,33.147071280213275,37.84879999999998,2019-07-09T03:25:41.637661Z,11.547662,xml_arrival_residual_proxy,SGC2019nhquk.xml,-0.09
SGC2019nhquk,2019-07-09T03:25:30.089999Z,7.701666667,-73.23783333,9.78,-26.278261141068626,78.10953337043995,9.78,VMM07,CM,0,HHZ,7.36,-73.85,-93.91670196060451,40.07520000000003,2019-07-09T03:25:42.443940Z,12.353941,xml_arrival_residual_proxy,SGC2019nhquk.xml,0.26
SGC2019nhquk,2019-07-09T03:25:30.089999Z,7.701666667,-73.23783333,9.78,-26.278261141068626,78.10953337043995,9.78,PDSC,CM,10,HNZ,6.99,-73.06,-6.629414256042969,-1.1131999999999762,2019-07-09T03:25:42.297936Z,12.207937,xml_arrival_residual_proxy,SGC2019nhquk.xml,-0.45
SGC2019nhquk,2019-07-09T03:25:30.089999Z,7.701666667,-73.23783333,9.78,-26.278261141068626,78.10953337043995,9.78,BRJC,CM,0,HHZ,6.97,-73.74,-81.76277582452627,-3.3396000000000274,2019-07-09T03:25:44.916798Z,14.826799,xml_arrival_residual_proxy,SGC2019nhquk.xml,-0.27
SGC2019nhquk,2019-07-09T03:25:30.089999Z,7.701666667,-73.23783333,9.78,-26.278261141068626,78.10953337043995,9.78,VMM10,CM,0,HHZ,6.77,-73.72,-79.55297107251248,-25.603600000000046,2019-07-09T03:25:47.959734Z,17.869735,xml_arrival_residual_proxy,SGC2019nhquk.xml,0.05
SGC2019nhquk,2019-07-09T03:25:30.089999Z,7.701666667,-73.23783333,9.78,-26.278261141068626,78.10953337043995,9.78,BAR2,CM,20,EHZ,6.59,-73.18,-19.888242768128904,-45.64120000000001,2019-07-09T03:25:49.398019Z,19.30802,xml_arrival_residual_proxy,SGC2019nhquk.xml,0.35
SGC2019nhquk,2019-07-09T03:25:30.089999Z,7.701666667,-73.23783333,9.78,-26.278261141068626,78.10953337043995,9.78,PTB,CM,0,HHZ,6.54,-74.46,-161.31574689703876,-51.20719999999999,2019-07-09T03:25:57.718937Z,27.628938,xml_arrival_residual_proxy,SGC2019nhquk.xml,-0.06
SGC2019pdbii,2019-08-04T02:00:21.390000Z,7.535166667,-73.784,87.38,-86.62434627895884,59.57475337044004,87.38,VMM07,CM,0,HHZ,7.36,-73.85,-93.91670196060451,40.07520000000003,2019-08-04T02:00:33.336015Z,11.946015,xml_arrival_residual_proxy,SGC2019pdbii.xml,-0.04
SGC2019pdbii,2019-08-04T02:00:21.390000Z,7.535166667,-73.784,87.38,-86.62434627895884,59.57475337044004,87.38,VMM11,CM,0,HHN,7.44,-73.57,-62.97943543240506,48.98080000000004,2019-08-04T02:00:34.001507Z,12.611507,xml_arrival_residual_proxy,SGC2019pdbii.xml,0.45
SGC2019pdbii,2019-08-04T02:00:21.390000Z,7.535166667,-73.784,87.38,-86.62434627895884,59.57475337044004,87.38,EZNC,CM,0,HHZ,7.63,-73.32,-35.35687603222707,70.13159999999998,2019-08-04T02:00:34.795276Z,13.405276,xml_arrival_residual_proxy,SGC2019pdbii.xml,-0.24
SGC2019pdbii,2019-08-04T02:00:21.390000Z,7.535166667,-73.784,87.38,-86.62434627895884,59.57475337044004,87.38,BRJC,CM,0,HHZ,6.97,-73.74,-81.76277582452627,-3.3396000000000274,2019-08-04T02:00:35.036729Z,13.646729,xml_arrival_residual_proxy,SGC2019pdbii.xml,-0.64
SGC2019pdbii,2019-08-04T02:00:21.390000Z,7.535166667,-73.784,87.38,-86.62434627895884,59.57475337044004,87.38,VMM09,CM,0,HHZ,7.13,-73.29,-32.04216890420715,14.471599999999988,2019-08-04T02:00:36.069193Z,14.679193,xml_arrival_residual_proxy,SGC2019pdbii.xml,-0.46
SGC2019pdbii,2019-08-04T02:00:21.390000Z,7.535166667,-73.784,87.38,-86.62434627895884,59.57475337044004,87.38,VMM10,CM,0,HHZ,6.77,-73.72,-79.55297107251248,-25.603600000000046,2019-08-04T02:00:37.003072Z,15.613072,xml_arrival_residual_proxy,SGC2019pdbii.xml,-0.62
SGC2019pdbii,2019-08-04T02:00:21.390000Z,7.535166667,-73.784,87.38,-86.62434627895884,59.57475337044004,87.38,PDSC,CM,10,HNZ,6.99,-73.06,-6.629414256042969,-1.1131999999999762,2019-08-04T02:00:38.414598Z,17.024598,xml_arrival_residual_proxy,SGC2019pdbii.xml,-0.7
SGC2019pdbii,2019-08-04T02:00:21.390000Z,7.535166667,-73.784,87.38,-86.62434627895884,59.57475337044004,87.38,PAM,CM,20,EHZ,7.34,-72.7,33.147071280213275,37.84879999999998,2019-08-04T02:00:41.730730Z,20.34073,xml_arrival_residual_proxy,SGC2019pdbii.xml,-0.04
SGC2019pdbii,2019-08-04T02:00:21.390000Z,7.535166667,-73.784,87.38,-86.62434627895884,59.57475337044004,87.38,BAR2,CM,20,EHZ,6.59,-73.18,-19.888242768128904,-45.64120000000001,2019-08-04T02:00:41.262533Z,19.872533,xml_arrival_residual_proxy,SGC2019pdbii.xml,-0.44
SGC2019pdbii,2019-08-04T02:00:21.390000Z,7.535166667,-73.784,87.38,-86.62434627895884,59.57475337044004,87.38,PTB,CM,0,HHZ,6.54,-74.46,-161.31574689703876,-51.20719999999999,2019-08-04T02:00:41.274758Z,19.884758,xml_arrival_residual_proxy,SGC2019pdbii.xml,-1.15
SGC2019pxebo,2019-08-15T02:03:12.119999Z,7.095,-73.82633333,90.59,-91.3017659690872,10.575399999999972,90.59,BRJC,CM,0,HHZ,6.97,-73.74,-81.76277582452627,-3.3396000000000274,2019-08-15T02:03:24.331596Z,12.211597,xml_arrival_residual_proxy,SGC2019pxebo.xml,-0.04
SGC2019pxebo,2019-08-15T02:03:12.119999Z,7.095,-73.82633333,90.59,-91.3017659690872,10.575399999999972,90.59,VMM07,CM,0,HHZ,7.36,-73.85,-93.91670196060451,40.07520000000003,2019-08-15T02:03:25.028965Z,12.908966,xml_arrival_residual_proxy,SGC2019pxebo.xml,0.24
SGC2019pxebo,2019-08-15T02:03:12.119999Z,7.095,-73.82633333,90.59,-91.3017659690872,10.575399999999972,90.59,VMM10,CM,0,HHZ,6.77,-73.72,-79.55297107251248,-25.603600000000046,2019-08-15T02:03:25.189599Z,13.0696,xml_arrival_residual_proxy,SGC2019pxebo.xml,-0.01
SGC2019pxebo,2019-08-15T02:03:12.119999Z,7.095,-73.82633333,90.59,-91.3017659690872,10.575399999999972,90.59,VMM11,CM,0,HHN,7.44,-73.57,-62.97943543240506,48.98080000000004,2019-08-15T02:03:26.474717Z,14.354718,xml_arrival_residual_proxy,SGC2019pxebo.xml,0.77
SGC2019pxebo,2019-08-15T02:03:12.119999Z,7.095,-73.82633333,90.59,-91.3017659690872,10.575399999999972,90.59,VMM09,CM,0,HHZ,7.13,-73.29,-32.04216890420715,14.471599999999988,2019-08-15T02:03:26.551338Z,14.431339,xml_arrival_residual_proxy,SGC2019pxebo.xml,-0.13
SGC2019pxebo,2019-08-15T02:03:12.119999Z,7.095,-73.82633333,90.59,-91.3017659690872,10.575399999999972,90.59,EZNC,CM,0,HHN,7.63,-73.32,-35.35687603222707,70.13159999999998,2019-08-15T02:03:28.136080Z,16.016081,xml_arrival_residual_proxy,SGC2019pxebo.xml,-0.18
SGC2019pxebo,2019-08-15T02:03:12.119999Z,7.095,-73.82633333,90.59,-91.3017659690872,10.575399999999972,90.59,PDSC,CM,10,HNZ,6.99,-73.06,-6.629414256042969,-1.1131999999999762,2019-08-15T02:03:28.372028Z,16.252029,xml_arrival_residual_proxy,SGC2019pxebo.xml,-0.35
SGC2019pxebo,2019-08-15T02:03:12.119999Z,7.095,-73.82633333,90.59,-91.3017659690872,10.575399999999972,90.59,BAR2,CM,0,HHZ,6.59,-73.18,-19.888242768128904,-45.64120000000001,2019-08-15T02:03:29.484551Z,17.364552,xml_arrival_residual_proxy,SGC2019pxebo.xml,0.12
SGC2019pxebo,2019-08-15T02:03:12.119999Z,7.095,-73.82633333,90.59,-91.3017659690872,10.575399999999972,90.59,PTB,CM,0,HHZ,6.54,-74.46,-161.31574689703876,-51.20719999999999,2019-08-15T02:03:28.630831Z,16.510832,xml_arrival_residual_proxy,SGC2019pxebo.xml,-0.69
SGC2019pxebo,2019-08-15T02:03:12.119999Z,7.095,-73.82633333,90.59,-91.3017659690872,10.575399999999972,90.59,PAM,CM,20,EHZ,7.34,-72.7,33.147071280213275,37.84879999999998,2019-08-15T02:03:33.221962Z,21.101963,xml_arrival_residual_proxy,SGC2019pxebo.xml,-0.07
SGC2019qdhsi,2019-08-18T10:41:38.539999Z,6.958,-73.9805,18.13,-108.33567796749878,-4.675439999999979,18.13,BRJC,CM,0,HHN,6.97,-73.74,-81.76277582452627,-3.3396000000000274,2019-08-18T10:41:43.651537Z,5.111538,xml_arrival_residual_proxy,SGC2019qdhsi.xml,0.16
SGC2019qdhsi,2019-08-18T10:41:38.539999Z,6.958,-73.9805,18.13,-108.33567796749878,-4.675439999999979,18.13,VMM10,CM,0,HHN,6.77,-73.72,-79.55297107251248,-25.603600000000046,2019-08-18T10:41:44.888037Z,6.348038,xml_arrival_residual_proxy,SGC2019qdhsi.xml,0.2
SGC2019qdhsi,2019-08-18T10:41:38.539999Z,6.958,-73.9805,18.13,-108.33567796749878,-4.675439999999979,18.13,VMM07,CM,0,HHZ,7.36,-73.85,-93.91670196060451,40.07520000000003,2019-08-18T10:41:46.560078Z,8.020079,xml_arrival_residual_proxy,SGC2019qdhsi.xml,0.3
SGC2019qdhsi,2019-08-18T10:41:38.539999Z,6.958,-73.9805,18.13,-108.33567796749878,-4.675439999999979,18.13,VMM11,CM,0,HHN,7.44,-73.57,-62.97943543240506,48.98080000000004,2019-08-18T10:41:50.298609Z,11.75861,xml_arrival_residual_proxy,SGC2019qdhsi.xml,0.73
SGC2019qdhsi,2019-08-18T10:41:38.539999Z,6.958,-73.9805,18.13,-108.33567796749878,-4.675439999999979,18.13,PTB,CM,0,HHZ,6.54,-74.46,-161.31574689703876,-51.20719999999999,2019-08-18T10:41:49.258972Z,10.718973,xml_arrival_residual_proxy,SGC2019qdhsi.xml,-0.38
SGC2019qdhsi,2019-08-18T10:41:38.539999Z,6.958,-73.9805,18.13,-108.33567796749878,-4.675439999999979,18.13,VMM09,CM,0,HHZ,7.13,-73.29,-32.04216890420715,14.471599999999988,2019-08-18T10:41:50.694097Z,12.154098,xml_arrival_residual_proxy,SGC2019qdhsi.xml,-0.28
SGC2019qdhsi,2019-08-18T10:41:38.539999Z,6.958,-73.9805,18.13,-108.33567796749878,-4.675439999999979,18.13,BAR2,CM,0,HHZ,6.59,-73.18,-19.888242768128904,-45.64120000000001,2019-08-18T10:41:53.513232Z,14.973233,xml_arrival_residual_proxy,SGC2019qdhsi.xml,-0.16
SGC2019qdhsi,2019-08-18T10:41:38.539999Z,6.958,-73.9805,18.13,-108.33567796749878,-4.675439999999979,18.13,PDSC,CM,10,HNZ,6.99,-73.06,-6.629414256042969,-1.1131999999999762,2019-08-18T10:41:53.764999Z,15.225,xml_arrival_residual_proxy,SGC2019qdhsi.xml,-0.38
SGC2019qdhsi,2019-08-18T10:41:38.539999Z,6.958,-73.9805,18.13,-108.33567796749878,-4.675439999999979,18.13,EZNC,CM,0,HHZ,7.63,-73.32,-35.35687603222707,70.13159999999998,2019-08-18T10:41:54.749777Z,16.209778,xml_arrival_residual_proxy,SGC2019qdhsi.xml,0.3
SGC2019qdhsi,2019-08-18T10:41:38.539999Z,6.958,-73.9805,18.13,-108.33567796749878,-4.675439999999979,18.13,PAM,CM,20,EHN,7.34,-72.7,33.147071280213275,37.84879999999998,2019-08-18T10:42:01.051600Z,22.511601,xml_arrival_residual_proxy,SGC2019qdhsi.xml,0.13
SGC2019tgdbei,2019-09-30T10:49:36.859999Z,6.451666667,-73.70533333,28.0,-77.9324472194016,-61.04046662956004,28.0,BAR2,CM,20,EHZ,6.59,-73.18,-19.888242768128904,-45.64120000000001,2019-09-30T10:49:46.552768Z,9.692769,xml_arrival_residual_proxy,SGC2019tgdbei.xml,-0.41
SGC2019tgdbei,2019-09-30T10:49:36.859999Z,6.451666667,-73.70533333,28.0,-77.9324472194016,-61.04046662956004,28.0,PDSC,CM,10,HNZ,6.99,-73.06,-6.629414256042969,-1.1131999999999762,2019-09-30T10:49:50.878997Z,14.018998,xml_arrival_residual_proxy,SGC2019tgdbei.xml,-0.39
SGC2019tgdbei,2019-09-30T10:49:36.859999Z,6.451666667,-73.70533333,28.0,-77.9324472194016,-61.04046662956004,28.0,PAM,CM,20,EHZ,7.34,-72.7,33.147071280213275,37.84879999999998,2019-09-30T10:49:59.641483Z,22.781484,xml_arrival_residual_proxy,SGC2019tgdbei.xml,0.35
SGC2019tgdbei,2019-09-30T10:49:36.859999Z,6.451666667,-73.70533333,28.0,-77.9324472194016,-61.04046662956004,28.0,VMM10,CM,0,HHZ,6.77,-73.72,-79.55297107251248,-25.603600000000046,2019-09-30T10:49:43.331532Z,6.471533,xml_arrival_residual_proxy,SGC2019tgdbei.xml,-0.26
SGC2019tgdbei,2019-09-30T10:49:36.859999Z,6.451666667,-73.70533333,28.0,-77.9324472194016,-61.04046662956004,28.0,BRJC,CM,0,HHZ,6.97,-73.74,-81.76277582452627,-3.3396000000000274,2019-09-30T10:49:46.221302Z,9.361303,xml_arrival_residual_proxy,SGC2019tgdbei.xml,-0.23
SGC2019tgdbei,2019-09-30T10:49:36.859999Z,6.451666667,-73.70533333,28.0,-77.9324472194016,-61.04046662956004,28.0,PTB,CM,0,HHZ,6.54,-74.46,-161.31574689703876,-51.20719999999999,2019-09-30T10:49:49.306489Z,12.44649,xml_arrival_residual_proxy,SGC2019tgdbei.xml,-0.63
SGC2019tgdbei,2019-09-30T10:49:36.859999Z,6.451666667,-73.70533333,28.0,-77.9324472194016,-61.04046662956004,28.0,VMM09,CM,0,HHZ,7.13,-73.29,-32.04216890420715,14.471599999999988,2019-09-30T10:49:50.512267Z,13.652268,xml_arrival_residual_proxy,SGC2019tgdbei.xml,-0.08
SGC2019tgdbei,2019-09-30T10:49:36.859999Z,6.451666667,-73.70533333,28.0,-77.9324472194016,-61.04046662956004,28.0,VMM07,CM,0,HHZ,7.36,-73.85,-93.91670196060451,40.07520000000003,2019-09-30T10:49:52.984062Z,16.124063,xml_arrival_residual_proxy,SGC2019tgdbei.xml,0.58
SGC2019tgdbei,2019-09-30T10:49:36.859999Z,6.451666667,-73.70533333,28.0,-77.9324472194016,-61.04046662956004,28.0,VMM11,CM,0,HHZ,7.44,-73.57,-62.97943543240506,48.98080000000004,2019-09-30T10:49:54.291416Z,17.431417,xml_arrival_residual_proxy,SGC2019tgdbei.xml,0.75
SGC2019tgdbei,2019-09-30T10:49:36.859999Z,6.451666667,-73.70533333,28.0,-77.9324472194016,-61.04046662956004,28.0,EZNC,CM,0,HHZ,7.63,-73.32,-35.35687603222707,70.13159999999998,2019-09-30T10:49:57.604787Z,20.744788,xml_arrival_residual_proxy,SGC2019tgdbei.xml,0.32
SGC2019uqtpny,2019-10-20T09:50:09.990000Z,6.35,-73.7185,46.77,-79.38723571611219,-72.35800000000003,46.77,VMM10,CM,0,HHZ,6.77,-73.72,-79.55297107251248,-25.603600000000046,2019-10-20T09:50:20.306561Z,10.316561,xml_arrival_residual_proxy,SGC2019uqtpny.xml,0.92
SGC2019uqtpny,2019-10-20T09:50:09.990000Z,6.35,-73.7185,46.77,-79.38723571611219,-72.35800000000003,46.77,BAR2,CM,20,EHZ,6.59,-73.18,-19.888242768128904,-45.64120000000001,2019-10-20T09:50:21.918542Z,11.928542,xml_arrival_residual_proxy,SGC2019uqtpny.xml,0.26
SGC2019uqtpny,2019-10-20T09:50:09.990000Z,6.35,-73.7185,46.77,-79.38723571611219,-72.35800000000003,46.77,PTB,CM,0,HHZ,6.54,-74.46,-161.31574689703876,-51.20719999999999,2019-10-20T09:50:23.082129Z,13.092129,xml_arrival_residual_proxy,SGC2019uqtpny.xml,-0.56
SGC2019uqtpny,2019-10-20T09:50:09.990000Z,6.35,-73.7185,46.77,-79.38723571611219,-72.35800000000003,46.77,VMM09,CM,0,HHZ,7.13,-73.29,-32.04216890420715,14.471599999999988,2019-10-20T09:50:25.629835Z,15.639835,xml_arrival_residual_proxy,SGC2019uqtpny.xml,0.22
SGC2019uqtpny,2019-10-20T09:50:09.990000Z,6.35,-73.7185,46.77,-79.38723571611219,-72.35800000000003,46.77,PDSC,CM,10,HNZ,6.99,-73.06,-6.629414256042969,-1.1131999999999762,2019-10-20T09:50:25.750356Z,15.760356,xml_arrival_residual_proxy,SGC2019uqtpny.xml,-0.03
SGC2019uqtpny,2019-10-20T09:50:09.990000Z,6.35,-73.7185,46.77,-79.38723571611219,-72.35800000000003,46.77,VMM07,CM,0,HHZ,7.36,-73.85,-93.91670196060451,40.07520000000003,2019-10-20T09:50:27.670041Z,17.680041,xml_arrival_residual_proxy,SGC2019uqtpny.xml,0.65
SGC2019uqtpny,2019-10-20T09:50:09.990000Z,6.35,-73.7185,46.77,-79.38723571611219,-72.35800000000003,46.77,VMM11,CM,0,HHZ,7.44,-73.57,-62.97943543240506,48.98080000000004,2019-10-20T09:50:28.911042Z,18.921042,xml_arrival_residual_proxy,SGC2019uqtpny.xml,0.84
SGC2019uqtpny,2019-10-20T09:50:09.990000Z,6.35,-73.7185,46.77,-79.38723571611219,-72.35800000000003,46.77,PAM,CM,20,EHZ,7.34,-72.7,33.147071280213275,37.84879999999998,2019-10-20T09:50:34.035901Z,24.045901,xml_arrival_residual_proxy,SGC2019uqtpny.xml,1.12
SGC2019vrkvej,2019-11-03T22:25:58.670000Z,6.474833333,-73.75466667,91.05,-83.38329967763873,-58.461553370439965,91.05,VMM10,CM,0,HHZ,6.77,-73.72,-79.55297107251248,-25.603600000000046,2019-11-03T22:26:11.394846Z,12.724846,xml_arrival_residual_proxy,SGC2019vrkvej.xml,-0.15
SGC2019vrkvej,2019-11-03T22:25:58.670000Z,6.474833333,-73.75466667,91.05,-83.38329967763873,-58.461553370439965,91.05,BRJC,CM,0,HHZ,6.97,-73.74,-81.76277582452627,-3.3396000000000274,2019-11-03T22:26:12.635775Z,13.965775,xml_arrival_residual_proxy,SGC2019vrkvej.xml,-0.17
SGC2019vrkvej,2019-11-03T22:25:58.670000Z,6.474833333,-73.75466667,91.05,-83.38329967763873,-58.461553370439965,91.05,BAR2,CM,20,EHZ,6.59,-73.18,-19.888242768128904,-45.64120000000001,2019-11-03T22:26:13.635272Z,14.965272,xml_arrival_residual_proxy,SGC2019vrkvej.xml,-0.16
SGC2019vrkvej,2019-11-03T22:25:58.670000Z,6.474833333,-73.75466667,91.05,-83.38329967763873,-58.461553370439965,91.05,PTB,CM,0,HHZ,6.54,-74.46,-161.31574689703876,-51.20719999999999,2019-11-03T22:26:13.302936Z,14.632936,xml_arrival_residual_proxy,SGC2019vrkvej.xml,-1.29
SGC2019vrkvej,2019-11-03T22:25:58.670000Z,6.474833333,-73.75466667,91.05,-83.38329967763873,-58.461553370439965,91.05,VMM09,CM,0,HHZ,7.13,-73.29,-32.04216890420715,14.471599999999988,2019-11-03T22:26:15.568176Z,16.898176,xml_arrival_residual_proxy,SGC2019vrkvej.xml,-0.08
SGC2019vrkvej,2019-11-03T22:25:58.670000Z,6.474833333,-73.75466667,91.05,-83.38329967763873,-58.461553370439965,91.05,PDSC,CM,10,HNZ,6.99,-73.06,-6.629414256042969,-1.1131999999999762,2019-11-03T22:26:15.862714Z,17.192714,xml_arrival_residual_proxy,SGC2019vrkvej.xml,-0.4
SGC2019vrkvej,2019-11-03T22:25:58.670000Z,6.474833333,-73.75466667,91.05,-83.38329967763873,-58.461553370439965,91.05,VMM07,CM,0,HHZ,7.36,-73.85,-93.91670196060451,40.07520000000003,2019-11-03T22:26:16.477046Z,17.807046,xml_arrival_residual_proxy,SGC2019vrkvej.xml,0.07
SGC2019vrkvej,2019-11-03T22:25:58.670000Z,6.474833333,-73.75466667,91.05,-83.38329967763873,-58.461553370439965,91.05,VMM11,CM,0,HHZ,7.44,-73.57,-62.97943543240506,48.98080000000004,2019-11-03T22:26:17.972417Z,19.302417,xml_arrival_residual_proxy,SGC2019vrkvej.xml,0.59
SGC2019vrkvej,2019-11-03T22:25:58.670000Z,6.474833333,-73.75466667,91.05,-83.38329967763873,-58.461553370439965,91.05,EZNC,CM,0,HHZ,7.63,-73.32,-35.35687603222707,70.13159999999998,2019-11-03T22:26:19.717900Z,21.0479,xml_arrival_residual_proxy,SGC2019vrkvej.xml,-0.58
SGC2019vrkvej,2019-11-03T22:25:58.670000Z,6.474833333,-73.75466667,91.05,-83.38329967763873,-58.461553370439965,91.05,PAM,CM,20,EHZ,7.34,-72.7,33.147071280213275,37.84879999999998,2019-11-03T22:26:22.059265Z,23.389265,xml_arrival_residual_proxy,SGC2019vrkvej.xml,-0.32
SGC2019wbnvco,2019-11-09T10:41:11.660000Z,6.568333333,-73.522,110.61,-57.67590402757226,-48.05313337044,110.61,VMM10,CM,0,HH,6.77,-73.72,-79.55297107251248,-25.603600000000046,2019-11-09T10:41:26.327590Z,14.66759,xml_arrival_residual_proxy,SGC2019wbnvco.xml,-0.4
SGC2019wbnvco,2019-11-09T10:41:11.660000Z,6.568333333,-73.522,110.61,-57.67590402757226,-48.05313337044,110.61,BAR2,CM,0,HHZ,6.59,-73.18,-19.888242768128904,-45.64120000000001,2019-11-09T10:41:27.157095Z,15.497095,xml_arrival_residual_proxy,SGC2019wbnvco.xml,-0.12
SGC2019wbnvco,2019-11-09T10:41:11.660000Z,6.568333333,-73.522,110.61,-57.67590402757226,-48.05313337044,110.61,BRJC,CM,0,HHZ,6.97,-73.74,-81.76277582452627,-3.3396000000000274,2019-11-09T10:41:27.180213Z,15.520213,xml_arrival_residual_proxy,SGC2019wbnvco.xml,-0.42
SGC2019wbnvco,2019-11-09T10:41:11.660000Z,6.568333333,-73.522,110.61,-57.67590402757226,-48.05313337044,110.61,VMM09,CM,0,HHZ,7.13,-73.29,-32.04216890420715,14.471599999999988,2019-11-09T10:41:28.676657Z,17.016657,xml_arrival_residual_proxy,SGC2019wbnvco.xml,-0.05
SGC2019wbnvco,2019-11-09T10:41:11.660000Z,6.568333333,-73.522,110.61,-57.67590402757226,-48.05313337044,110.61,PDSC,CM,10,HNZ,6.99,-73.06,-6.629414256042969,-1.1131999999999762,2019-11-09T10:41:28.551309Z,16.891309,xml_arrival_residual_proxy,SGC2019wbnvco.xml,-0.3
SGC2019wbnvco,2019-11-09T10:41:11.660000Z,6.568333333,-73.522,110.61,-57.67590402757226,-48.05313337044,110.61,VMM07,CM,0,HHZ,7.36,-73.85,-93.91670196060451,40.07520000000003,2019-11-09T10:41:31.001760Z,19.34176,xml_arrival_residual_proxy,SGC2019wbnvco.xml,0.33
SGC2019wbnvco,2019-11-09T10:41:11.660000Z,6.568333333,-73.522,110.61,-57.67590402757226,-48.05313337044,110.61,VMM11,CM,0,HHZ,7.44,-73.57,-62.97943543240506,48.98080000000004,2019-11-09T10:41:31.510926Z,19.850926,xml_arrival_residual_proxy,SGC2019wbnvco.xml,0.71
SGC2019wbnvco,2019-11-09T10:41:11.660000Z,6.568333333,-73.522,110.61,-57.67590402757226,-48.05313337044,110.61,PTB,CM,0,HHZ,6.54,-74.46,-161.31574689703876,-51.20719999999999,2019-11-09T10:41:29.923410Z,18.26341,xml_arrival_residual_proxy,SGC2019wbnvco.xml,-1.51
SGC2019wbnvco,2019-11-09T10:41:11.660000Z,6.568333333,-73.522,110.61,-57.67590402757226,-48.05313337044,110.61,EZNC,CM,0,HHZ,7.63,-73.32,-35.35687603222707,70.13159999999998,2019-11-09T10:41:32.642311Z,20.982311,xml_arrival_residual_proxy,SGC2019wbnvco.xml,-0.26
SGC2019wbnvco,2019-11-09T10:41:11.660000Z,6.568333333,-73.522,110.61,-57.67590402757226,-48.05313337044,110.61,PAM,CM,20,EHZ,7.34,-72.7,33.147071280213275,37.84879999999998,2019-11-09T10:41:33.799600Z,22.1396,xml_arrival_residual_proxy,SGC2019wbnvco.xml,-0.14
SGC2019wbptlu,2019-11-09T11:39:36.840000Z,6.683,-73.48166667,28.54,-53.21946481264323,-35.288440000000016,28.54,VMM10,CM,0,HHZ,6.77,-73.72,-79.55297107251248,-25.603600000000046,2019-11-09T11:39:42.662137Z,5.822137,xml_arrival_residual_proxy,SGC2019wbptlu.xml,-0.24
SGC2019wbptlu,2019-11-09T11:39:36.840000Z,6.683,-73.48166667,28.54,-53.21946481264323,-35.288440000000016,28.54,BAR2,CM,20,EHZ,6.59,-73.18,-19.888242768128904,-45.64120000000001,2019-11-09T11:39:43.497728Z,6.657728,xml_arrival_residual_proxy,SGC2019wbptlu.xml,-0.33
SGC2019wbptlu,2019-11-09T11:39:36.840000Z,6.683,-73.48166667,28.54,-53.21946481264323,-35.288440000000016,28.54,BRJC,CM,0,HHZ,6.97,-73.74,-81.76277582452627,-3.3396000000000274,2019-11-09T11:39:44.090071Z,7.250071,xml_arrival_residual_proxy,SGC2019wbptlu.xml,-0.5
SGC2019wbptlu,2019-11-09T11:39:36.840000Z,6.683,-73.48166667,28.54,-53.21946481264323,-35.288440000000016,28.54,VMM09,CM,0,HHZ,7.13,-73.29,-32.04216890420715,14.471599999999988,2019-11-09T11:39:45.552491Z,8.712491,xml_arrival_residual_proxy,SGC2019wbptlu.xml,-0.46
SGC2019wbptlu,2019-11-09T11:39:36.840000Z,6.683,-73.48166667,28.54,-53.21946481264323,-35.288440000000016,28.54,PDSC,CM,10,HNZ,6.99,-73.06,-6.629414256042969,-1.1131999999999762,2019-11-09T11:39:45.853888Z,9.013888,xml_arrival_residual_proxy,SGC2019wbptlu.xml,-0.66
SGC2019wbptlu,2019-11-09T11:39:36.840000Z,6.683,-73.48166667,28.54,-53.21946481264323,-35.288440000000016,28.54,VMM11,CM,0,HHZ,7.44,-73.57,-62.97943543240506,48.98080000000004,2019-11-09T11:39:50.598859Z,13.758859,xml_arrival_residual_proxy,SGC2019wbptlu.xml,0.64
SGC2019wbptlu,2019-11-09T11:39:36.840000Z,6.683,-73.48166667,28.54,-53.21946481264323,-35.288440000000016,28.54,VMM07,CM,0,HHZ,7.36,-73.85,-93.91670196060451,40.07520000000003,2019-11-09T11:39:50.439899Z,13.599899,xml_arrival_residual_proxy,SGC2019wbptlu.xml,0.31
SGC2019wbptlu,2019-11-09T11:39:36.840000Z,6.683,-73.48166667,28.54,-53.21946481264323,-35.288440000000016,28.54,EZNC,CM,0,HHZ,7.63,-73.32,-35.35687603222707,70.13159999999998,2019-11-09T11:39:53.038238Z,16.198238,xml_arrival_residual_proxy,SGC2019wbptlu.xml,0.05
SGC2019wbptlu,2019-11-09T11:39:36.840000Z,6.683,-73.48166667,28.54,-53.21946481264323,-35.288440000000016,28.54,PTB,CM,0,HHZ,6.54,-74.46,-161.31574689703876,-51.20719999999999,2019-11-09T11:39:52.419221Z,15.579221,xml_arrival_residual_proxy,SGC2019wbptlu.xml,-0.97
SGC2019wbptlu,2019-11-09T11:39:36.840000Z,6.683,-73.48166667,28.54,-53.21946481264323,-35.288440000000016,28.54,PAM,CM,20,EHZ,7.34,-72.7,33.147071280213275,37.84879999999998,2019-11-09T11:39:54.116771Z,17.276771,xml_arrival_residual_proxy,SGC2019wbptlu.xml,-0.26
SGC2019wccpcd,2019-11-09T18:06:47.009999Z,7.0935,-73.93566667,19.88,-103.38203268336731,10.408419999999966,19.88,BRJC,CM,0,HHZ,6.97,-73.74,-81.76277582452627,-3.3396000000000274,2019-11-09T18:06:51.298939Z,4.28894,xml_arrival_residual_proxy,SGC2019wccpcd.xml,-0.66
SGC2019wccpcd,2019-11-09T18:06:47.009999Z,7.0935,-73.93566667,19.88,-103.38203268336731,10.408419999999966,19.88,VMM07,CM,0,HH,7.36,-73.85,-93.91670196060451,40.07520000000003,2019-11-09T18:06:52.311446Z,5.301447,xml_arrival_residual_proxy,SGC2019wccpcd.xml,-0.38
SGC2019wccpcd,2019-11-09T18:06:47.009999Z,7.0935,-73.93566667,19.88,-103.38203268336731,10.408419999999966,19.88,VMM10,CM,0,HHZ,6.77,-73.72,-79.55297107251248,-25.603600000000046,2019-11-09T18:06:53.906275Z,6.896276,xml_arrival_residual_proxy,SGC2019wccpcd.xml,-0.4
SGC2019wccpcd,2019-11-09T18:06:47.009999Z,7.0935,-73.93566667,19.88,-103.38203268336731,10.408419999999966,19.88,VMM11,CM,0,HHZ,7.44,-73.57,-62.97943543240506,48.98080000000004,2019-11-09T18:06:56.105555Z,9.095556,xml_arrival_residual_proxy,SGC2019wccpcd.xml,0.07
SGC2019wccpcd,2019-11-09T18:06:47.009999Z,7.0935,-73.93566667,19.88,-103.38203268336731,10.408419999999966,19.88,VMM09,CM,0,HHZ,7.13,-73.29,-32.04216890420715,14.471599999999988,2019-11-09T18:06:57.915101Z,10.905102,xml_arrival_residual_proxy,SGC2019wccpcd.xml,-0.47
SGC2019wccpcd,2019-11-09T18:06:47.009999Z,7.0935,-73.93566667,19.88,-103.38203268336731,10.408419999999966,19.88,PTB,CM,0,HHZ,6.54,-74.46,-161.31574689703876,-51.20719999999999,2019-11-09T18:06:59.255340Z,12.245341,xml_arrival_residual_proxy,SGC2019wccpcd.xml,-0.77
SGC2019wccpcd,2019-11-09T18:06:47.009999Z,7.0935,-73.93566667,19.88,-103.38203268336731,10.408419999999966,19.88,EZNC,CM,0,HHZ,7.63,-73.32,-35.35687603222707,70.13159999999998,2019-11-09T18:07:00.721999Z,13.712,xml_arrival_residual_proxy,SGC2019wccpcd.xml,-0.19
SGC2019wccpcd,2019-11-09T18:06:47.009999Z,7.0935,-73.93566667,19.88,-103.38203268336731,10.408419999999966,19.88,PDSC,CM,10,HNZ,6.99,-73.06,-6.629414256042969,-1.1131999999999762,2019-11-09T18:07:01.606161Z,14.596162,xml_arrival_residual_proxy,SGC2019wccpcd.xml,-0.3
SGC2019wccpcd,2019-11-09T18:06:47.009999Z,7.0935,-73.93566667,19.88,-103.38203268336731,10.408419999999966,19.88,BAR2,CM,20,EHZ,6.59,-73.18,-19.888242768128904,-45.64120000000001,2019-11-09T18:07:02.329317Z,15.319318,xml_arrival_residual_proxy,SGC2019wccpcd.xml,-0.13
SGC2019wccpcd,2019-11-09T18:06:47.009999Z,7.0935,-73.93566667,19.88,-103.38203268336731,10.408419999999966,19.88,PAM,CM,20,EHZ,7.34,-72.7,33.147071280213275,37.84879999999998,2019-11-09T18:07:08.276551Z,21.266552,xml_arrival_residual_proxy,SGC2019wccpcd.xml,0.15
SGC2020agjggo,2020-01-04T11:05:40.409999Z,7.432166667,-73.27516667,123.32,-30.403230748097183,48.10879337043997,123.32,EZNC,CM,0,HH,7.63,-73.32,-35.35687603222707,70.13159999999998,2020-01-04T11:05:56.611075Z,16.201076,xml_arrival_residual_proxy,SGC2020agjggo.xml,-0.14
SGC2020agjggo,2020-01-04T11:05:40.409999Z,7.432166667,-73.27516667,123.32,-30.403230748097183,48.10879337043997,123.32,VMM11,CM,0,HHZ,7.44,-73.57,-62.97943543240506,48.98080000000004,2020-01-04T11:05:57.449199Z,17.0392,xml_arrival_residual_proxy,SGC2020agjggo.xml,0.48
SGC2020agjggo,2020-01-04T11:05:40.409999Z,7.432166667,-73.27516667,123.32,-30.403230748097183,48.10879337043997,123.32,VMM09,CM,0,HHZ,7.13,-73.29,-32.04216890420715,14.471599999999988,2020-01-04T11:05:56.825178Z,16.415179,xml_arrival_residual_proxy,SGC2020agjggo.xml,-0.36
SGC2020agjggo,2020-01-04T11:05:40.409999Z,7.432166667,-73.27516667,123.32,-30.403230748097183,48.10879337043997,123.32,PDSC,CM,10,HNZ,6.99,-73.06,-6.629414256042969,-1.1131999999999762,2020-01-04T11:05:57.508276Z,17.098277,xml_arrival_residual_proxy,SGC2020agjggo.xml,-0.52
SGC2020agjggo,2020-01-04T11:05:40.409999Z,7.432166667,-73.27516667,123.32,-30.403230748097183,48.10879337043997,123.32,VMM07,CM,0,HHZ,7.36,-73.85,-93.91670196060451,40.07520000000003,2020-01-04T11:05:58.746848Z,18.336849,xml_arrival_residual_proxy,SGC2020agjggo.xml,0.31
SGC2020agjggo,2020-01-04T11:05:40.409999Z,7.432166667,-73.27516667,123.32,-30.403230748097183,48.10879337043997,123.32,PAM,CM,20,EHZ,7.34,-72.7,33.147071280213275,37.84879999999998,2020-01-04T11:05:59.315808Z,18.905809,xml_arrival_residual_proxy,SGC2020agjggo.xml,0.22
SGC2020agjggo,2020-01-04T11:05:40.409999Z,7.432166667,-73.27516667,123.32,-30.403230748097183,48.10879337043997,123.32,BRJC,CM,0,HHZ,6.97,-73.74,-81.76277582452627,-3.3396000000000274,2020-01-04T11:05:58.465030Z,18.055031,xml_arrival_residual_proxy,SGC2020agjggo.xml,-0.49
SGC2020agjggo,2020-01-04T11:05:40.409999Z,7.432166667,-73.27516667,123.32,-30.403230748097183,48.10879337043997,123.32,BAR2,CM,20,EHZ,6.59,-73.18,-19.888242768128904,-45.64120000000001,2020-01-04T11:06:00.360644Z,19.950645,xml_arrival_residual_proxy,SGC2020agjggo.xml,-0.4
SGC2020agjggo,2020-01-04T11:05:40.409999Z,7.432166667,-73.27516667,123.32,-30.403230748097183,48.10879337043997,123.32,PTB,CM,0,HHZ,6.54,-74.46,-161.31574689703876,-51.20719999999999,2020-01-04T11:06:05.835880Z,25.425881,xml_arrival_residual_proxy,SGC2020agjggo.xml,-1.02
SGC2020dtzpwj,2020-02-23T09:06:59.090000Z,7.322333333,-73.48983333,109.67,-54.12180101644753,35.88214662956005,109.67,VMM11,CM,0,HHZ,7.44,-73.57,-62.97943543240506,48.98080000000004,2020-02-23T09:07:14.088622Z,14.998622,xml_arrival_residual_proxy,SGC2020dtzpwj.xml,0.48
SGC2020dtzpwj,2020-02-23T09:06:59.090000Z,7.322333333,-73.48983333,109.67,-54.12180101644753,35.88214662956005,109.67,VMM09,CM,0,HHZ,7.13,-73.29,-32.04216890420715,14.471599999999988,2020-02-23T09:07:13.914081Z,14.824081,xml_arrival_residual_proxy,SGC2020dtzpwj.xml,-0.29
SGC2020dtzpwj,2020-02-23T09:06:59.090000Z,7.322333333,-73.48983333,109.67,-54.12180101644753,35.88214662956005,109.67,EZNC,CM,0,HHZ,7.63,-73.32,-35.35687603222707,70.13159999999998,2020-02-23T09:07:14.180186Z,15.090186,xml_arrival_residual_proxy,SGC2020dtzpwj.xml,-0.21
SGC2020dtzpwj,2020-02-23T09:06:59.090000Z,7.322333333,-73.48983333,109.67,-54.12180101644753,35.88214662956005,109.67,VMM07,CM,0,HHZ,7.36,-73.85,-93.91670196060451,40.07520000000003,2020-02-23T09:07:14.566466Z,15.476466,xml_arrival_residual_proxy,SGC2020dtzpwj.xml,0.18
SGC2020dtzpwj,2020-02-23T09:06:59.090000Z,7.322333333,-73.48983333,109.67,-54.12180101644753,35.88214662956005,109.67,BRJC,CM,0,HHZ,6.97,-73.74,-81.76277582452627,-3.3396000000000274,2020-02-23T09:07:14.300661Z,15.210661,xml_arrival_residual_proxy,SGC2020dtzpwj.xml,-0.45
SGC2020dtzpwj,2020-02-23T09:06:59.090000Z,7.322333333,-73.48983333,109.67,-54.12180101644753,35.88214662956005,109.67,PDSC,CM,10,HNZ,6.99,-73.06,-6.629414256042969,-1.1131999999999762,2020-02-23T09:07:15.145665Z,16.055665,xml_arrival_residual_proxy,SGC2020dtzpwj.xml,-0.43
SGC2020dtzpwj,2020-02-23T09:06:59.090000Z,7.322333333,-73.48983333,109.67,-54.12180101644753,35.88214662956005,109.67,PAM,CM,20,EHZ,7.34,-72.7,33.147071280213275,37.84879999999998,2020-02-23T09:07:17.916519Z,18.826519,xml_arrival_residual_proxy,SGC2020dtzpwj.xml,-0.1
SGC2020dtzpwj,2020-02-23T09:06:59.090000Z,7.322333333,-73.48983333,109.67,-54.12180101644753,35.88214662956005,109.67,BAR2,CM,0,HHZ,6.59,-73.18,-19.888242768128904,-45.64120000000001,2020-02-23T09:07:17.637568Z,18.547568,xml_arrival_residual_proxy,SGC2020dtzpwj.xml,-0.1
SGC2020dtzpwj,2020-02-23T09:06:59.090000Z,7.322333333,-73.48983333,109.67,-54.12180101644753,35.88214662956005,109.67,PTB,CM,0,HHZ,6.54,-74.46,-161.31574689703876,-51.20719999999999,2020-02-23T09:07:21.022231Z,21.932231,xml_arrival_residual_proxy,SGC2020dtzpwj.xml,-0.99
SGC2020gerodj,2020-03-28T12:45:24.800000Z,6.591166667,-73.38966667,121.67,-43.05436295337788,-45.51132662955995,121.67,BAR2,CM,0,HHZ,6.59,-73.18,-19.888242768128904,-45.64120000000001,2020-03-28T12:45:40.938689Z,16.138689,xml_arrival_residual_proxy,SGC2020gerodj.xml,-0.28
SGC2020gerodj,2020-03-28T12:45:24.800000Z,6.591166667,-73.38966667,121.67,-43.05436295337788,-45.51132662955995,121.67,BAR2,CM,20,EHZ,6.59,-73.18,-19.888242768128904,-45.64120000000001,2020-03-28T12:45:40.931281Z,16.131281,xml_arrival_residual_proxy,SGC2020gerodj.xml,-0.28
SGC2020gerodj,2020-03-28T12:45:24.800000Z,6.591166667,-73.38966667,121.67,-43.05436295337788,-45.51132662955995,121.67,BAR2,CM,10,HNZ,6.59,-73.18,-19.888242768128904,-45.64120000000001,2020-03-28T12:45:40.952824Z,16.152824,xml_arrival_residual_proxy,SGC2020gerodj.xml,-0.28
SGC2020gerodj,2020-03-28T12:45:24.800000Z,6.591166667,-73.38966667,121.67,-43.05436295337788,-45.51132662955995,121.67,PDSC,CM,10,HNZ,6.99,-73.06,-6.629414256042969,-1.1131999999999762,2020-03-28T12:45:41.977105Z,17.177105,xml_arrival_residual_proxy,SGC2020gerodj.xml,-0.44
SGC2020gerodj,2020-03-28T12:45:24.800000Z,6.591166667,-73.38966667,121.67,-43.05436295337788,-45.51132662955995,121.67,BRJC,CM,0,HHZ,6.97,-73.74,-81.76277582452627,-3.3396000000000274,2020-03-28T12:45:41.504105Z,16.704105,xml_arrival_residual_proxy,SGC2020gerodj.xml,-0.79
SGC2020gerodj,2020-03-28T12:45:24.800000Z,6.591166667,-73.38966667,121.67,-43.05436295337788,-45.51132662955995,121.67,VMM09,CM,0,HH,7.13,-73.29,-32.04216890420715,14.471599999999988,2020-03-28T12:45:42.364132Z,17.564132,xml_arrival_residual_proxy,SGC2020gerodj.xml,-0.25
SGC2020gerodj,2020-03-28T12:45:24.800000Z,6.591166667,-73.38966667,121.67,-43.05436295337788,-45.51132662955995,121.67,VMM11,CM,0,HH,7.44,-73.57,-62.97943543240506,48.98080000000004,2020-03-28T12:45:45.127313Z,20.327313,xml_arrival_residual_proxy,SGC2020gerodj.xml,0.26
SGC2020gerodj,2020-03-28T12:45:24.800000Z,6.591166667,-73.38966667,121.67,-43.05436295337788,-45.51132662955995,121.67,VMM07,CM,0,HHZ,7.36,-73.85,-93.91670196060451,40.07520000000003,2020-03-28T12:45:45.335855Z,20.535855,xml_arrival_residual_proxy,SGC2020gerodj.xml,0.19
SGC2020gerodj,2020-03-28T12:45:24.800000Z,6.591166667,-73.38966667,121.67,-43.05436295337788,-45.51132662955995,121.67,PAM,CM,20,EHZ,7.34,-72.7,33.147071280213275,37.84879999999998,2020-03-28T12:45:46.843233Z,22.043233,xml_arrival_residual_proxy,SGC2020gerodj.xml,-0.03
SGC2020gerodj,2020-03-28T12:45:24.800000Z,6.591166667,-73.38966667,121.67,-43.05436295337788,-45.51132662955995,121.67,EZNC,CM,0,HHZ,7.63,-73.32,-35.35687603222707,70.13159999999998,2020-03-28T12:45:46.020410Z,21.22041,xml_arrival_residual_proxy,SGC2020gerodj.xml,-0.5
SGC2020gerodj,2020-03-28T12:45:24.800000Z,6.591166667,-73.38966667,121.67,-43.05436295337788,-45.51132662955995,121.67,PTB,CM,0,HHZ,6.54,-74.46,-161.31574689703876,-51.20719999999999,2020-03-28T12:45:44.719803Z,19.919803,xml_arrival_residual_proxy,SGC2020gerodj.xml,-2.06
