hypodd_id,event_id,origin_time_utc,event_lat_x,event_lon_x,event_depth_km_x,origin_time_nlloc,nlloc_lat,nlloc_lon,nlloc_depth_km,nlloc_rms_s,nlloc_nphs,nlloc_gap_deg,nlloc_herr_km,nlloc_verr_km,nlloc_file,event_lat_y,event_lon_y,event_depth_km_y,magnitude,id,lat,lon,dep,x,y,z,ex,ey,ez,yr,mo,dy,hr,mn,sc,mag,nccp,nccs,nctp,ncts,rcc,rct,cid,hypodd_horizontal_shift_km,hypodd_vertical_shift_km,hypodd_shift_3d_km,hypodd_status,qc_small_cluster,qc_nlloc_depth_boundary,final_lat,final_lon,final_depth_km
1,SGC2018hxdw,2018-04-23T06:49:34.649999Z,7.437,-73.179,132.44,2018-04-23T06:49:32.757509+00:00,7.383148,-73.174567,147.914062,0.305773,8,125.503,8.041971151403118,21.133433227944767,loc\sgc62.20180423.064952.20.grid0.loc.hyp,7.437,-73.179,132.44,,1.0,7.377729,-73.176416,147.834,12072.4,6972.0,22611.6,821.1,787.7,564.5,2018.0,4.0,23.0,6.0,49.0,32.77,0.0,0.0,0.0,12.0,0.0,0.0,0.087,5.0,0.6361567991605966,-0.08006199999999808,0.6411750127400906,relocated,False,False,7.377729,-73.176416,147.834
2,SGC2018uupq,2018-10-23T21:19:58.729999Z,7.464166667,-73.72583333,49.84,2018-10-23T21:19:57.296040+00:00,7.45219,-73.751661,61.917969,0.195083,8,227.214,12.505878617674169,14.450570922977402,loc\sgc62.20181023.212006.54.grid0.loc.hyp,7.464166667,-73.72583333,49.84,,2.0,7.452297,-73.751375,61.924,29215.7,4473.0,-6745.6,240.5,264.3,250.7,2018.0,10.0,23.0,21.0,19.0,57.3,0.0,0.0,0.0,9.0,0.0,0.0,0.036,1.0,0.033704612728455645,0.00603100000000012,0.03423994568008506,relocated,False,False,7.452297,-73.751375,61.924
3,SGC2019ioilw,2019-05-02T15:50:12.189999Z,6.880166667,-73.48016667,1.16,2019-05-02T15:50:11.021601+00:00,6.880536,-73.482645,6.092773,0.101375,9,110.838,1.0726975342565117,2.754683284880496,loc\sgc62.20190502.155016.65.grid0.loc.hyp,6.880166667,-73.48016667,1.16,,3.0,6.879691,-73.481999,6.106,-18729.9,-24410.2,-33281.2,814.2,1015.0,987.1,2019.0,5.0,2.0,15.0,50.0,11.02,0.0,0.0,0.0,4.0,0.0,0.0,0.037,2.0,0.11796388451518294,0.013226999999999656,0.11870312371168423,relocated,False,False,6.879691,-73.481999,6.106
4,SGC2019mwyzm,2019-07-03T07:05:57.920000Z,6.688666667,-73.38316667,33.84,2019-07-03T07:05:57.638522+00:00,6.722101,-73.387687,28.025391,0.138965,9,137.657,4.41961536787988,8.145771909401834,loc\sgc62.20190703.070604.27.grid0.loc.hyp,6.688666667,-73.38316667,33.84,,4.0,6.722336,-73.389209,28.131,-8478.4,-41812.2,-11256.6,985.0,883.0,913.5,2019.0,7.0,3.0,7.0,5.0,57.64,0.0,0.0,0.0,7.0,0.0,0.0,0.029,2.0,0.17010214098125795,0.10560900000000117,0.2002198772535035,relocated,False,False,6.722336,-73.389209,28.131
5,SGC2019nhquk,2019-07-09T03:25:30.089999Z,7.701666667,-73.23783333,9.78,2019-07-09T03:25:29.324974+00:00,7.684561,-73.225166,15.306641,0.207018,9,241.131,11.90768659312127,5.266070641379586,loc\sgc62.20190709.032532.75.grid0.loc.hyp,7.701666667,-73.23783333,9.78,,,,,,,,,,,,,,,,,,,,,,,,,,,,,unlinked_nlloc_only,False,False,7.684561,-73.225166,15.306641
6,SGC2019pdbii,2019-08-04T02:00:21.390000Z,7.535166667,-73.784,87.38,2019-08-04T02:00:19.477665+00:00,7.481043,-73.803865,99.496094,0.226622,10,217.978,7.954677869027758,16.083189982089994,loc\sgc62.20190804.020033.34.grid0.loc.hyp,7.535166667,-73.784,87.38,,6.0,7.479693,-73.801514,99.455,23680.5,7502.8,30785.9,482.8,277.6,249.2,2019.0,8.0,4.0,2.0,0.0,19.48,0.0,0.0,0.0,14.0,0.0,0.0,0.068,1.0,0.29953951112631944,-0.041094000000001074,0.3023452257962651,relocated,False,False,7.479693,-73.801514,99.455
7,SGC2019pxebo,2019-08-15T02:03:12.119999Z,7.095,-73.82633333,90.59,2019-08-15T02:03:10.140737+00:00,7.064732,-73.843899,103.253906,0.233989,10,129.495,7.026015940773263,15.834708712192972,loc\sgc62.20190815.020324.33.grid0.loc.hyp,7.095,-73.82633333,90.59,,7.0,7.065283,-73.844067,103.257,-1283.1,8950.4,4917.1,511.1,871.9,397.0,2019.0,8.0,15.0,2.0,3.0,10.14,0.0,0.0,0.0,6.0,0.0,0.0,0.145,7.0,0.06401470509774798,0.003094000000004371,0.0640894320832356,relocated,True,False,7.065283,-73.844067,103.257
8,SGC2019qdhsi,2019-08-18T10:41:38.539999Z,6.958,-73.9805,18.13,2019-08-18T10:41:37.777284+00:00,6.93953,-73.989192,21.666016,0.196054,10,148.741,5.977750412989823,3.952214569073901,loc\sgc62.20190818.104143.65.grid0.loc.hyp,6.958,-73.9805,18.13,,8.0,6.940068,-73.989071,21.7,-10221.5,-16286.8,-4757.0,527.0,770.3,1221.2,2019.0,8.0,18.0,10.0,41.0,37.78,0.0,0.0,0.0,7.0,0.0,0.0,0.029,6.0,0.06129846475060023,0.033984000000000236,0.07008861560039972,relocated,False,False,6.940068,-73.989071,21.7
9,SGC2019tgdbei,2019-09-30T10:49:36.859999Z,6.451666667,-73.70533333,28.0,2019-09-30T10:49:35.631329+00:00,6.401109,-73.709264,20.003906,0.230045,10,210.304,8.27536101931511,7.247054574101122,loc\sgc62.20190930.104943.33.grid0.loc.hyp,6.451666667,-73.70533333,28.0,,,,,,,,,,,,,,,,,,,,,,,,,,,,,unlinked_nlloc_only,False,False,6.401109,-73.709264,20.003906
10,SGC2019uqtpny,2019-10-20T09:50:09.990000Z,6.35,-73.7185,46.77,2019-10-20T09:50:08.450450+00:00,6.281574,-73.736242,59.894531,0.291641,8,228.927,10.513848011075678,14.910197852476673,loc\sgc62.20191020.095020.31.grid0.loc.hyp,6.35,-73.7185,46.77,,,,,,,,,,,,,,,,,,,,,,,,,,,,,unlinked_nlloc_only,False,False,6.281574,-73.736242,59.894531
11,SGC2019vrkvej,2019-11-03T22:25:58.670000Z,6.474833333,-73.75466667,91.05,2019-11-03T22:25:55.576190+00:00,6.377408,-73.794067,107.445312,0.233913,10,213.016,9.384460559883024,15.73947267223397,loc\sgc62.20191103.222611.39.grid0.loc.hyp,6.474833333,-73.75466667,91.05,,11.0,6.377899,-73.794629,107.452,-15804.4,-4845.4,-12361.4,235.3,190.4,131.7,2019.0,11.0,3.0,22.0,25.0,55.58,0.0,0.0,0.0,14.0,0.0,0.0,0.086,4.0,0.08269481147416265,0.006687999999996919,0.08296481898218823,relocated,False,False,6.377899,-73.794629,107.452
12,SGC2019wbnvco,2019-11-09T10:41:11.660000Z,6.568333333,-73.522,110.61,2019-11-09T10:41:08.568732+00:00,6.449541,-73.556605,126.234375,0.2857,10,206.326,10.795415693709993,20.24373977307553,loc\sgc62.20191109.104126.33.grid0.loc.hyp,6.568333333,-73.522,110.61,,12.0,6.449624,-73.55717,126.251,10465.0,3086.5,6438.4,200.7,208.0,127.6,2019.0,11.0,9.0,10.0,41.0,8.57,0.0,0.0,0.0,24.0,0.0,0.0,0.072,4.0,0.06310892350179094,0.016625000000004775,0.0652619862596524,relocated,False,False,6.449624,-73.55717,126.251
13,SGC2019wbptlu,2019-11-09T11:39:36.840000Z,6.683,-73.48166667,28.54,2019-11-09T11:39:36.786948+00:00,6.735497,-73.452219,15.017578,0.164856,10,140.66,6.756840977853482,8.761712161444246,loc\sgc62.20191109.113942.66.grid0.loc.hyp,6.683,-73.48166667,28.54,,13.0,6.73551,-73.451725,14.91,-15387.6,-40355.3,-24477.4,708.3,757.0,1162.0,2019.0,11.0,9.0,11.0,39.0,36.79,0.0,0.0,0.0,9.0,0.0,0.0,0.046,2.0,0.05457281268042821,-0.10757800000000017,0.12062842935167956,relocated,False,False,6.73551,-73.451725,14.91
14,SGC2019wccpcd,2019-11-09T18:06:47.009999Z,7.0935,-73.93566667,19.88,2019-11-09T18:06:45.814652+00:00,7.080447,-73.952392,18.522461,0.138036,10,156.99,3.4519269980693394,3.28838866316012,loc\sgc62.20191109.180651.30.grid0.loc.hyp,7.0935,-73.93566667,19.88,,14.0,7.07967,-73.952458,18.429,-6175.7,-848.2,-8028.4,524.4,679.3,745.9,2019.0,11.0,9.0,18.0,6.0,45.82,0.0,0.0,0.0,13.0,0.0,0.0,0.075,6.0,0.08670882469046948,-0.09346100000000135,0.12748873989573675,relocated,False,False,7.07967,-73.952458,18.429
15,SGC2020agjggo,2020-01-04T11:05:40.409999Z,7.432166667,-73.27516667,123.32,2020-01-04T11:05:39.703114+00:00,7.327503,-73.281085,125.65625,0.28077,9,95.9882,7.651248264172324,21.02196470361417,loc\sgc62.20200104.110556.61.grid0.loc.hyp,7.432166667,-73.27516667,123.32,,15.0,7.327288,-73.279354,125.661,707.4,1393.6,438.0,404.8,330.8,230.9,2020.0,1.0,4.0,11.0,5.0,39.7,0.0,0.0,0.0,26.0,0.0,0.0,0.119,5.0,0.19240642365148253,0.004750000000001364,0.19246504711857107,relocated,False,False,7.327288,-73.279354,125.661
16,SGC2020dtzpwj,2020-02-23T09:06:59.090000Z,7.322333333,-73.48983333,109.67,2020-02-23T09:06:57.273138+00:00,7.267735,-73.491833,120.164062,0.265501,9,64.1537,6.718094968069446,19.337037001567744,loc\sgc62.20200223.090713.91.grid0.loc.hyp,7.322333333,-73.48983333,109.67,,16.0,7.265337,-73.492326,120.155,-22810.3,-5457.6,-5068.0,426.1,539.7,289.2,2020.0,2.0,23.0,9.0,6.0,57.27,0.0,0.0,0.0,9.0,0.0,0.0,0.058,5.0,0.2721462867302871,-0.009062000000000126,0.27229711938447615,relocated,False,False,7.265337,-73.492326,120.155
17,SGC2020gerodj,2020-03-28T12:45:24.800000Z,6.591166667,-73.38966667,121.67,2020-03-28T12:45:21.336194+00:00,6.463968,-73.450274,138.664062,0.325936,9,209.471,12.2534484941995,23.37284749447529,loc\sgc62.20200328.124540.93.grid0.loc.hyp,6.591166667,-73.38966667,121.67,,17.0,6.464072,-73.450464,138.696,22268.7,4684.2,18882.6,104.6,236.7,145.1,2020.0,3.0,28.0,12.0,45.0,21.34,0.0,0.0,0.0,12.0,0.0,0.0,0.067,4.0,0.023968299189392393,0.03193799999999669,0.039931381268771764,relocated,False,False,6.464072,-73.450464,138.696
18,SGC2022hytacc,2022-04-23T14:55:10.240000Z,7.449833333,-73.18983333,138.12,2022-04-23T14:55:12.517934+00:00,7.337807,-73.18815,114.960938,0.124923,9,118.375,5.580645123997762,21.86247927386096,loc\sgc62.20220423.145528.71.grid0.loc.hyp,7.449833333,-73.18983333,138.12,2.8,18.0,7.33795,-73.192448,115.0,10302.9,2572.7,-10222.3,581.9,666.5,303.7,2022.0,4.0,23.0,14.0,55.0,12.52,2.8,0.0,0.0,9.0,0.0,0.0,0.071,5.0,0.4742900402926531,0.03906200000000126,0.47589587323784033,relocated,False,False,7.33795,-73.192448,115.0
19,SGC2022kyajix,2022-06-04T17:21:56.130000Z,7.103333333,-74.41883333,55.19,2022-06-04T17:22:03.113736+00:00,7.05958,-73.901659,26.796875,0.104078,5,277.65,32.674607878289834,26.01645633056124,loc\sgc62.20220604.172208.60.grid0.loc.hyp,7.103333333,-74.41883333,55.19,1.8,19.0,7.060436,-73.901522,26.864,-548.2,-2975.3,407.3,800.0,1093.0,935.1,2022.0,6.0,4.0,17.0,22.0,3.12,1.8,0.0,0.0,4.0,0.0,0.0,0.058,6.0,0.09638041268021039,0.06712500000000077,0.11745190323450601,relocated,False,False,7.060436,-73.901522,26.864
20,SGC2022lnpqkc,2022-06-13T05:09:43.920000Z,7.7155,-73.857,82.47,2022-06-13T05:09:44.186892+00:00,7.507835,-73.826592,85.042969,0.197856,9,245.442,12.201639234135715,11.450152837407892,loc\sgc62.20220613.050956.23.grid0.loc.hyp,7.7155,-73.857,82.47,2.0,20.0,7.511779,-73.826872,85.113,20879.7,11051.2,16443.0,284.1,372.4,349.3,2022.0,6.0,13.0,5.0,9.0,44.16,2.0,0.0,0.0,14.0,0.0,0.0,0.083,1.0,0.4396578121775503,0.07003100000000018,0.4452003288068756,relocated,False,False,7.511779,-73.826872,85.113
21,SGC2022luluqb,2022-06-16T22:45:18.559999Z,7.2135,-73.80216667,31.58,2022-06-16T22:45:17.692397+00:00,7.193026,-73.823174,32.939453,0.171216,8,126.904,8.85416286274428,8.78510671534501,loc\sgc62.20220616.224523.76.grid0.loc.hyp,7.2135,-73.80216667,31.58,1.8,21.0,7.192718,-73.822982,32.861,8126.9,11653.8,6404.1,623.3,519.1,740.4,2022.0,6.0,16.0,22.0,45.0,17.7,1.8,0.0,0.0,7.0,0.0,0.0,0.039,6.0,0.04027068732062286,-0.07845300000000321,0.08818504105728975,relocated,False,False,7.192718,-73.822982,32.861
22,SGC2022mdzfra,2022-06-22T03:10:44.359999Z,7.629,-73.8705,77.95,2022-06-22T03:10:47.144086+00:00,7.363569,-73.969141,54.691406,0.183229,8,240.355,20.361925252784918,15.0691406523398,loc\sgc62.20220622.031055.41.grid0.loc.hyp,7.629,-73.8705,77.95,1.5,22.0,7.366039,-73.964103,54.603,5733.4,-5066.3,-14066.4,701.5,542.7,657.5,2022.0,6.0,22.0,3.0,10.0,47.13,1.5,0.0,0.0,8.0,0.0,0.0,0.047,1.0,0.6197869675314892,-0.0884059999999991,0.626060305368324,relocated,False,False,7.366039,-73.964103,54.603
23,SGC2022metnph,2022-06-22T13:23:17.640000Z,7.2665,-74.159,65.72,2022-06-22T13:23:16.697519+00:00,7.21312,-74.172777,68.855469,0.166434,7,222.286,12.30861486926941,18.225092592357385,loc\sgc62.20220622.132328.04.grid0.loc.hyp,7.2665,-74.159,65.72,1.8,23.0,7.211677,-74.171501,68.842,-17166.5,-22137.5,172.3,375.4,282.4,377.2,2022.0,6.0,22.0,13.0,23.0,16.71,1.8,0.0,0.0,13.0,0.0,0.0,0.066,1.0,0.2134565387942933,-0.01346900000000062,0.21388106020646067,relocated,False,False,7.211677,-74.171501,68.842
24,SGC2022mvfomu,2022-07-01T12:37:59.439999Z,6.872833333,-73.2555,128.52,2022-07-01T12:37:58.193983+00:00,6.760743,-73.332814,136.929688,0.291467,8,120.124,10.763642506140751,17.43966742802167,loc\sgc62.20220701.123816.76.grid0.loc.hyp,6.872833333,-73.2555,128.52,2.8,24.0,6.761684,-73.332682,136.968,-15532.4,-5166.3,7951.1,531.6,991.4,490.3,2022.0,7.0,1.0,12.0,37.0,58.19,2.8,0.0,0.0,7.0,0.0,0.0,0.036,3.0,0.1056495680355501,0.038311999999990576,0.11238167363986713,relocated,False,False,6.761684,-73.332682,136.968
25,SGC2022obwjqd,2022-07-19T07:28:29.359999Z,6.861166667,-73.2815,126.9,2022-07-19T07:28:27.389909+00:00,6.783414,-73.335094,139.53125,0.216883,9,115.887,9.01248578362263,15.71289279540849,loc\sgc62.20220719.072846.22.grid0.loc.hyp,6.861166667,-73.2815,126.9,2.3,25.0,6.78226,-73.335238,139.521,-15815.1,-2890.8,10504.3,534.4,1018.5,489.4,2022.0,7.0,19.0,7.0,28.0,27.39,2.3,0.0,0.0,7.0,0.0,0.0,0.037,3.0,0.12930617680782835,-0.010250000000013415,0.1297117953798252,relocated,False,False,6.78226,-73.335238,139.521
26,SGC2022ofpwob,2022-07-21T08:30:09.380000Z,6.385,-73.64716667,109.69,2022-07-21T08:30:07.149571+00:00,6.304245,-73.706869,117.128906,0.150411,9,225.66,5.757447351040216,11.554263282442546,loc\sgc62.20220721.083024.52.grid0.loc.hyp,6.385,-73.64716667,109.69,3.6,26.0,6.30404,-73.705094,117.147,-5898.9,-13013.2,-2666.4,274.6,224.8,164.6,2022.0,7.0,21.0,8.0,30.0,7.15,3.6,0.0,0.0,28.0,0.0,0.0,0.121,4.0,0.19750640385087664,0.01809400000000494,0.19833348783830168,relocated,False,False,6.30404,-73.705094,117.147
27,SGC2022omvgfe,2022-07-25T06:43:32.380000Z,6.700666667,-74.2005,78.16,2022-07-25T06:43:33.914800+00:00,6.66697,-74.119354,51.222656,0.152997,8,153.671,14.219880449567782,20.707752171590236,loc\sgc62.20220725.064343.55.grid0.loc.hyp,6.700666667,-74.2005,78.16,1.5,,,,,,,,,,,,,,,,,,,,,,,,,,,,unlinked_nlloc_only,False,False,6.66697,-74.119354,51.222656
28,SGC2022oormtr,2022-07-26T06:59:26.079999Z,7.220666667,-74.353,68.14,2022-07-26T06:59:26.354775+00:00,7.173962,-74.329033,59.894531,0.107285,8,236.887,7.529083609576932,11.518116165415243,loc\sgc62.20220726.065938.24.grid0.loc.hyp,7.220666667,-74.353,68.14,1.5,28.0,7.175511,-74.329801,59.799,-34647.7,-26137.2,-8870.3,253.1,502.4,484.3,2022.0,7.0,26.0,6.0,59.0,26.34,1.5,0.0,0.0,10.0,0.0,0.0,0.056,1.0,0.19196174739760646,-0.09553100000000114,0.21441894604941675,relocated,False,False,7.175511,-74.329801,59.799
29,SGC2022pdaiuz,2022-08-03T02:29:16.420000Z,6.696333333,-73.6905,55.52,2022-08-03T02:29:09.432505+00:00,6.463968,-73.558883,127.679688,0.235359,8,203.362,13.743580319552835,23.764258877566537,loc\sgc62.20220803.022927.32.grid0.loc.hyp,6.696333333,-73.6905,55.52,2.7,29.0,6.46372,-73.558634,127.642,10303.6,4645.3,7828.8,211.2,224.2,127.8,2022.0,8.0,3.0,2.0,29.0,9.43,2.7,0.0,0.0,27.0,0.0,0.0,0.104,4.0,0.038954811697188514,-0.03768800000000283,0.05420205437401454,relocated,False,False,6.46372,-73.558634,127.642
30,SGC2022razkne,2022-08-30T07:44:38.560000Z,7.291166667,-73.48216667,112.79,2022-08-30T07:44:37.826444+00:00,7.241973,-73.490671,118.574219,0.184079,9,102.416,5.863923601139428,13.28333542450841,loc\sgc62.20220830.074454.01.grid0.loc.hyp,7.291166667,-73.48216667,112.79,2.0,30.0,7.244283,-73.489893,118.59,-22542.2,-7786.0,-6632.1,420.7,552.6,293.8,2022.0,8.0,30.0,7.0,44.0,37.82,2.0,0.0,0.0,6.0,0.0,0.0,0.053,5.0,0.270829929839982,0.015781000000004042,0.2712893120971221,relocated,False,False,7.244283,-73.489893,118.59
31,SGC2023scytrc,2023-09-14T13:30:24.282262Z,7.31765396,-74.4568589,52.0703125,2023-09-14T13:30:25.963596+00:00,7.284223,-74.480086,40.382812,0.115876,7,268.807,19.019989484749985,21.87290561402394,loc\sgc62.20230914.133039.83.grid0.loc.hyp,7.31765396,-74.4568589,52.0703125,2.1,31.0,7.284466,-74.478304,41.666,-51040.2,-14087.7,-27003.5,480.4,541.7,2089.5,2023.0,9.0,14.0,13.0,30.0,25.96,2.1,0.0,0.0,5.0,0.0,0.0,0.041,1.0,0.19840776710059815,1.2831879999999956,1.2984364002098192,relocated,False,False,7.284466,-74.478304,41.666
32,SGC2023tdymfy,2023-09-29T06:22:37.710000Z,7.1925,-73.78916667,23.81,2023-09-29T06:22:36.596784+00:00,7.164173,-73.816324,32.361328,0.0327693,8,213.852,13.097442498442206,17.962822718047406,loc\sgc62.20230929.062242.92.grid0.loc.hyp,7.1925,-73.78916667,23.81,2.1,32.0,7.164812,-73.816252,32.496,8871.4,8567.6,6038.6,622.6,532.9,715.6,2023.0,9.0,29.0,6.0,22.0,36.58,2.1,0.0,0.0,5.0,0.0,0.0,0.043,6.0,0.07149946975118975,0.1346720000000019,0.15247531524381844,relocated,False,False,7.164812,-73.816252,32.496
33,SGC2023tnjthq,2023-10-04T09:42:57.649999Z,6.8055,-73.1465,149.53,2023-10-04T09:42:56.026307+00:00,6.736012,-73.151683,162.367188,0.18905,7,152.478,22.06576533909486,38.53517873320429,loc\sgc62.20231004.094317.59.grid0.loc.hyp,6.8055,-73.1465,149.53,3.5,33.0,6.737318,-73.149015,162.342,4770.8,-7860.8,33325.0,1012.8,868.4,455.9,2023.0,10.0,4.0,9.0,42.0,56.03,3.5,0.0,0.0,4.0,0.0,0.0,0.012,3.0,0.3284808817104205,-0.025187999999985777,0.329445177523142,relocated,False,False,6.737318,-73.149015,162.342
34,SGC2023vzpirs,2023-11-08T09:18:12.580000Z,7.432833333,-74.07966667,25.73,2023-11-08T09:18:11.607082+00:00,7.374904,-74.090454,70.445312,0.131065,8,245.99,20.809997597308847,23.91240263963452,loc\sgc62.20231108.091824.66.grid0.loc.hyp,7.432833333,-74.07966667,25.73,2.6,34.0,7.375405,-74.090715,70.562,-8245.1,-4030.6,1892.9,311.8,326.3,419.8,2023.0,11.0,8.0,9.0,18.0,11.61,2.6,0.0,0.0,17.0,0.0,0.0,0.099,1.0,0.06270728827157959,0.11668799999999635,0.13246997148929313,relocated,False,False,7.375405,-74.090715,70.562
35,SGC2023wlnqql,2023-11-14T21:20:46.609999Z,7.237166667,-73.32583333,34.34,2023-11-14T21:20:45.553349+00:00,7.227547,-73.307085,39.949219,0.22041,8,198.085,18.014716206479637,16.83683461936952,loc\sgc62.20231114.212054.01.grid0.loc.hyp,7.237166667,-73.32583333,34.34,2.8,35.0,7.228854,-73.307503,39.825,550.6,14203.7,437.6,835.3,1359.2,898.8,2023.0,11.0,14.0,21.0,20.0,45.56,2.8,0.0,0.0,10.0,0.0,0.0,0.054,2.0,0.152478149367539,-0.12421899999999653,0.19667217900747597,relocated,False,False,7.228854,-73.307503,39.825
36,SGC2024bkjqkz,2024-01-20T19:31:45.280000Z,6.804333333,-73.09916667,150.91,2024-01-20T19:31:48.720950+00:00,6.843181,-73.124544,120.164062,0.150689,6,150.231,12.792263286846469,22.78933961307348,loc\sgc62.20240120.193205.30.grid0.loc.hyp,6.804333333,-73.09916667,150.91,3.2,36.0,6.843795,-73.124186,120.157,7514.7,3914.3,-8859.1,986.1,818.2,410.3,2024.0,1.0,20.0,19.0,31.0,48.72,3.2,0.0,0.0,12.0,0.0,0.0,0.055,3.0,0.0788924823577866,-0.007062000000004787,0.07920792647566113,relocated,False,False,6.843795,-73.124186,120.157
37,SGC2024clkrqm,2024-02-04T13:04:09.519999Z,6.796333333,-73.125,150.3,2024-02-04T13:04:14.528693+00:00,6.847303,-73.160776,106.289062,0.117592,7,139.932,16.32510336873859,28.750721730071405,loc\sgc62.20240204.130429.53.grid0.loc.hyp,6.796333333,-73.125,150.3,4.1,37.0,6.847718,-73.160116,106.321,3543.5,4348.1,-22695.9,600.9,869.0,372.8,2024.0,2.0,4.0,13.0,4.0,14.53,4.1,0.0,0.0,12.0,0.0,0.0,0.058,3.0,0.08625227696226846,0.03193799999999669,0.0919754919811558,relocated,False,False,6.847718,-73.160116,106.321
38,SGC2024lyrntx,2024-06-18T05:56:17.420000Z,6.834166667,-73.163,150.14,2024-06-18T05:56:22.265397+00:00,6.8844,-73.160789,103.976562,0.187974,8,137.325,16.03695731739659,26.468849616105345,loc\sgc62.20240618.055636.81.grid0.loc.hyp,6.834166667,-73.163,150.14,2.4,38.0,6.884901,-73.161426,103.973,3398.7,8460.2,-25043.2,851.9,799.6,370.6,2024.0,6.0,18.0,5.0,56.0,22.26,2.4,0.0,0.0,11.0,0.0,0.0,0.055,3.0,0.08971707341074521,-0.0035620000000022856,0.08978775587678457,relocated,False,False,6.884901,-73.161426,103.973
39,SGC2024shqvfe,2024-09-16T02:53:12.380000Z,7.561833333,-73.13733333,139.57,2024-09-16T02:53:20.102808+00:00,7.34296,-73.159816,69.433594,0.126488,8,208.121,21.68886811246728,37.281630865615305,loc\sgc62.20240916.025331.68.grid0.loc.hyp,7.561833333,-73.13733333,139.57,2.4,39.0,7.342933,-73.159546,69.394,16891.8,26819.7,30006.1,946.5,918.0,909.8,2024.0,9.0,16.0,2.0,53.0,20.1,2.4,0.0,0.0,10.0,0.0,0.0,0.028,2.0,0.029928749406716106,-0.03959399999999391,0.04963280041514409,relocated,False,False,7.342933,-73.159546,69.394
40,SGC2024tcjfvv,2024-09-27T09:38:08.189999Z,7.3705,-73.05966667,161.55,2024-09-27T09:38:16.729334999+00:00,7.23476,-73.106518,80.851562,0.138896,6,186.345,24.16977451280835,34.182159089209094,loc\sgc62.20240927.093830.27.grid0.loc.hyp,7.3705,-73.05966667,161.55,2.4,40.0,7.23455,-73.107153,80.923,22681.1,14833.6,41535.7,973.3,1138.9,896.4,2024.0,9.0,27.0,9.0,38.0,16.72,2.4,0.0,0.0,4.0,0.0,0.0,0.019,2.0,0.07383966176963279,0.07143800000000056,0.10274085601285328,relocated,False,False,7.23455,-73.107153,80.923
41,SGC2025kgeyrg,2025-05-26T00:19:43.560000Z,6.560666667,-73.50683333,117.39,2025-05-26T00:19:50.825121+00:00,6.859669,-73.396289,46.742188,0.199562,8,112.935,19.369357242820424,36.41593057989868,loc\sgc62.20250526.001959.27.grid0.loc.hyp,6.560666667,-73.50683333,117.39,3.4,41.0,6.860299,-73.394279,46.95,-9037.1,-26554.8,7562.2,1829.3,1653.6,1442.0,2025.0,5.0,26.0,0.0,19.0,50.81,3.4,0.0,0.0,2.0,0.0,0.0,0.011,2.0,0.23270738066725544,0.2078120000000041,0.3119912696871767,relocated,False,False,6.860299,-73.394279,46.95
42,SGC2025pgzatv,2025-08-05T06:07:28.339999Z,7.723166667,-73.75666667,43.88,2025-08-05T06:07:30.712465+00:00,7.508865,-73.571472,10.03125,0.0701608,7,216.284,25.24460338369371,31.270257434181765,loc\sgc62.20250805.060737.20.grid0.loc.hyp,7.723166667,-73.75666667,43.88,1.6,,,,,,,,,,,,,,,,,,,,,,,,,,,,unlinked_nlloc_only,False,False,7.508865,-73.571472,10.03125
43,SGC2025qrozun,2025-08-25T04:50:13.039999Z,7.1245,-73.44416667,34.12,2025-08-25T04:50:12.637001+00:00,7.122954,-73.419737,17.041016,0.0949289,7,132.681,15.506579248822096,38.75345145919264,loc\sgc62.20250825.045019.98.grid0.loc.hyp,7.1245,-73.44416667,34.12,1.9,43.0,7.123188,-73.418864,17.242,-11750.5,2518.2,-22145.6,1444.9,1411.4,1698.2,2025.0,8.0,25.0,4.0,50.0,12.65,1.9,0.0,0.0,3.0,0.0,0.0,0.017,2.0,0.09978093836700955,0.20098400000000183,0.22438984807116763,relocated,False,False,7.123188,-73.418864,17.242
44,SGC2025wvcvfj,2025-11-20T02:38:54.560000Z,7.628833333,-74.03433333,67.64,2025-11-20T02:38:53.691731+00:00,7.58512,-74.068297,65.820312,0.0804293,7,257.902,21.695252936990617,23.097748808054867,loc\sgc62.20251120.023908.07.grid0.loc.hyp,7.628833333,-74.03433333,67.64,3.8,44.0,7.585475,-74.06617,65.667,-5533.7,19201.4,-3003.0,343.0,370.8,452.3,2025.0,11.0,20.0,2.0,38.0,53.7,3.8,0.0,0.0,14.0,0.0,0.0,0.072,1.0,0.23775285930670326,-0.15331199999999967,0.2828974928353253,relocated,False,False,7.585475,-74.06617,65.667
45,SGC2025xyndwy,2025-12-06T03:00:55.869999Z,7.283,-73.13316667,151.73,2025-12-06T03:01:05.673032+00:00,7.271857,-73.210787,49.632812,0.107026,7,164.424,20.276784754985197,33.41825848245237,loc\sgc62.20251206.030114.93.grid0.loc.hyp,7.283,-73.13316667,151.73,2.0,45.0,7.271736,-73.211255,49.731,11181.8,18946.1,10342.9,1190.0,861.3,812.2,2025.0,12.0,6.0,3.0,1.0,5.67,2.0,0.0,0.0,10.0,0.0,0.0,0.046,2.0,0.053347716631627316,0.09818800000000039,0.11174462946293429,relocated,False,False,7.271736,-73.211255,49.731
46,SGC2025xyrfux,2025-12-06T05:03:23.920000Z,7.556833333,-73.98116667,84.33,2025-12-06T05:03:24.932526+00:00,7.43158,-73.955687,76.371094,0.147643,8,243.819,13.759033396281875,17.045527272572123,loc\sgc62.20251206.050335.91.grid0.loc.hyp,7.556833333,-73.98116667,84.33,1.9,46.0,7.430621,-73.956055,76.348,6621.4,2075.8,7678.3,343.8,359.9,350.0,2025.0,12.0,6.0,5.0,3.0,24.93,1.9,0.0,0.0,31.0,0.0,0.0,0.113,1.0,0.11410007230765856,-0.023094000000000392,0.11641374204368199,relocated,False,False,7.430621,-73.956055,76.348
47,SGC2025ycdafx,2025-12-08T02:12:20.912374Z,6.746158809,-73.12745924,143.2421875,2025-12-08T02:12:21.118858+00:00,6.744256,-73.11999,150.226562,0.186861,9,164.105,11.370707981475912,22.50624357817181,loc\sgc62.20251208.021241.21.grid0.loc.hyp,6.746158809,-73.12745924,143.2421875,2.9,47.0,6.743364,-73.121753,150.233,7784.5,-7192.2,21216.6,999.9,846.1,456.7,2025.0,12.0,8.0,2.0,12.0,21.12,2.9,0.0,0.0,8.0,0.0,0.0,0.028,3.0,0.21850083769066095,0.00643800000000283,0.21859566307573577,relocated,False,False,6.743364,-73.121753,150.233
48,SGC2025yshmnq,2025-12-16T21:38:58.780000Z,7.430333333,-73.19233333,140.25,2025-12-16T21:39:07.297284+00:00,7.258461,-73.216447,47.753906,0.12027,8,159.858,8.120898965016126,43.649971363106296,loc\sgc62.20251216.213916.25.grid0.loc.hyp,7.430333333,-73.19233333,140.25,2.5,48.0,7.258309,-73.215641,47.667,10697.2,17461.2,8279.9,970.4,771.1,833.5,2025.0,12.0,16.0,21.0,39.0,7.32,2.5,0.0,0.0,12.0,0.0,0.0,0.047,2.0,0.09050135928474268,-0.08690599999999904,0.1254717054494196,relocated,False,False,7.258309,-73.215641,47.667
49,SGC2025yuczzx,2025-12-17T21:32:41.869999Z,6.544,-73.68766667,104.45,2025-12-17T21:32:39.905492+00:00,6.441297,-73.746653,110.046875,0.161458,8,202.194,12.284054705185904,19.40937917605816,loc\sgc62.20251217.213255.66.grid0.loc.hyp,6.544,-73.68766667,104.45,2.6,49.0,6.440796,-73.746794,110.022,-10511.5,2110.2,-9790.5,173.5,213.3,120.1,2025.0,12.0,17.0,21.0,32.0,39.9,2.6,0.0,0.0,23.0,0.0,0.0,0.101,4.0,0.05784878018263668,-0.02487499999999443,0.0629702071905337,relocated,False,False,6.440796,-73.746794,110.022
50,SGC2025yxrhgz,2025-12-19T19:56:58.990000Z,7.457166667,-73.291,51.5,2025-12-19T19:56:59.195493+00:00,7.448068,-73.298167,32.722656,0.16802,8,196.724,8.353131149455274,16.328073983173887,loc\sgc62.20251219.195709.60.grid0.loc.hyp,7.457166667,-73.291,51.5,1.7,50.0,7.448718,-73.298389,32.814,1557.1,38518.5,-6573.7,1362.5,2457.5,2547.0,2025.0,12.0,19.0,19.0,56.0,59.2,1.7,0.0,0.0,9.0,0.0,0.0,0.057,2.0,0.07631235563456265,0.09134399999999943,0.11902647587194987,relocated,False,False,7.448718,-73.298389,32.814
51,SGC2025yymqxd,2025-12-20T06:41:46.359999Z,7.077666667,-74.04,78.19,2025-12-20T06:41:46.446288+00:00,7.06061,-74.063643,70.878906,0.186188,7,178.627,14.66144604055139,15.846955543573662,loc\sgc62.20251220.064157.67.grid0.loc.hyp,7.077666667,-74.04,78.19,1.4,51.0,7.061268,-74.062866,70.907,-5172.2,-38771.5,2237.6,509.7,492.5,365.3,2025.0,12.0,20.0,6.0,41.0,46.44,1.4,0.0,0.0,5.0,0.0,0.0,0.051,1.0,0.11272248778951245,0.028093999999995845,0.1161707023713662,relocated,False,False,7.061268,-74.062866,70.907
52,SGC2025zqwcsx,2025-12-30T06:47:36.090000Z,6.339333333,-73.59033333,117.92,2025-12-30T06:47:41.021503+00:00,6.583502,-73.509226,78.539062,0.130993,8,178.087,13.647856974631583,23.026593321635747,loc\sgc62.20251230.064752.82.grid0.loc.hyp,6.339333333,-73.59033333,117.92,3.3,52.0,6.583655,-73.50944,78.533,2981.9,-1121.9,2306.1,1247.0,1356.8,1010.6,2025.0,12.0,30.0,6.0,47.0,41.02,3.3,0.0,0.0,8.0,0.0,0.0,0.137,8.0,0.029125698634917437,-0.006062000000000012,0.02974985991516652,relocated,True,False,6.583655,-73.50944,78.533
53,SGC2026afswai,2026-01-04T02:51:01.149999Z,6.474166667,-74.1985,71.49,2026-01-04T02:50:59.732863+00:00,6.406261,-74.233023,76.226562,0.175979,7,219.491,17.71634838221466,16.352033512685814,loc\sgc62.20260104.025111.19.grid0.loc.hyp,6.474166667,-74.1985,71.49,2.3,,,,,,,,,,,,,,,,,,,,,,,,,,,,unlinked_nlloc_only,False,False,6.406261,-74.233023,76.226562
54,SGC2026akeapz,2026-01-06T12:46:06.969999Z,7.483833333,-73.18666667,137.94,2026-01-06T12:46:08.747101+00:00,7.313076,-73.188139,119.585938,0.189165,8,170.26,7.724143965514884,24.39514295920399,loc\sgc62.20260106.124625.64.grid0.loc.hyp,7.483833333,-73.18666667,137.94,2.6,54.0,7.31316,-73.188013,119.563,10793.0,-168.8,-5660.1,223.9,319.2,192.3,2026.0,1.0,6.0,12.0,46.0,8.75,2.6,0.0,0.0,17.0,0.0,0.0,0.073,5.0,0.01674465180287325,-0.02293799999999635,0.02839956351776025,relocated,False,False,7.31316,-73.188013,119.563
55,SGC2026alqild,2026-01-07T08:01:46.179999Z,7.4355,-73.19133333,136.47,2026-01-07T08:01:46.727276+00:00,7.331624,-73.18588,129.703125,0.185681,8,173.9,8.280326080535717,24.17157421435352,loc\sgc62.20260107.080204.89.grid0.loc.hyp,7.4355,-73.19133333,136.47,3.2,55.0,7.332648,-73.185059,129.703,11118.9,1986.5,4480.4,322.0,335.7,210.0,2026.0,1.0,7.0,8.0,1.0,46.72,3.2,0.0,0.0,19.0,0.0,0.0,0.091,5.0,0.14548253234827094,-0.00012499999999704414,0.145482586048866,relocated,False,False,7.332648,-73.185059,129.703
56,SGC2026apmkrl,2026-01-09T10:21:33.170000Z,6.384666667,-73.63316667,107.49,2026-01-09T10:21:37.345612+00:00,6.604112,-73.563566,73.914062,0.0970245,8,173.322,13.541270250607957,21.02087058140076,loc\sgc62.20260109.102148.39.grid0.loc.hyp,6.384666667,-73.63316667,107.49,2.2,56.0,6.60394,-73.563379,73.921,-2983.4,1121.4,-2305.1,1217.5,1369.2,1021.1,2026.0,1.0,9.0,10.0,21.0,37.35,2.2,0.0,0.0,8.0,0.0,0.0,0.137,8.0,0.028151500375918678,0.006938000000005218,0.028993841025559578,relocated,True,False,6.60394,-73.563379,73.921
57,SGC2026arcexx,2026-01-10T07:22:07.759999Z,6.976833333,-73.77016667,90.0,2026-01-10T07:22:06.468777+00:00,6.903979,-73.820962,93.425781,0.149303,8,116.792,8.804964508730288,16.651216171799582,loc\sgc62.20260110.072219.36.grid0.loc.hyp,6.976833333,-73.77016667,90.0,1.6,57.0,6.903724,-73.820841,93.422,1283.3,-8916.4,-4918.2,420.9,663.7,345.8,2026.0,1.0,10.0,7.0,22.0,6.47,1.6,0.0,0.0,6.0,0.0,0.0,0.145,7.0,0.03134468502895844,-0.003781000000003587,0.03157190587475894,relocated,True,False,6.903724,-73.820841,93.422
58,SGC2026asvptr,2026-01-11T06:12:26.089999Z,6.507833333,-73.70216667,99.06,2026-01-11T06:12:23.826114+00:00,6.451602,-73.74893,111.492188,0.200967,8,200.356,12.963795740445777,21.018325337666653,loc\sgc62.20260111.061239.74.grid0.loc.hyp,6.507833333,-73.70216667,99.06,1.8,58.0,6.45176,-73.749438,111.504,-10803.6,3322.7,-8308.9,133.6,187.1,119.6,2026.0,1.0,11.0,6.0,12.0,23.82,1.8,0.0,0.0,24.0,0.0,0.0,0.093,4.0,0.05881730517722162,0.011812000000006151,0.05999165552233549,relocated,False,False,6.45176,-73.749438,111.504
59,SGC2026baehdu,2026-01-15T06:05:20.579999Z,7.7865,-74.16983333,64.85,2026-01-15T06:05:21.037901+00:00,7.677863,-74.129782,64.953125,0.241148,8,266.109,20.70627924084865,29.773746825013475,loc\sgc62.20260115.060532.48.grid0.loc.hyp,7.7865,-74.16983333,64.85,1.9,59.0,7.67814,-74.134098,65.551,-13029.6,29449.4,-3118.7,345.3,367.1,475.2,2026.0,1.0,15.0,6.0,5.0,21.02,1.9,0.0,0.0,3.0,0.0,0.0,0.012,1.0,0.47663268311150586,0.5978750000000019,0.7646131245506288,relocated,False,False,7.67814,-74.134098,65.551
60,SGC2026boggwn,2026-01-22T22:08:01.470000Z,7.711,-73.73683333,44.87,2026-01-22T22:08:01.256060+00:00,7.619126,-73.758755,53.824219,0.157532,8,250.508,11.25188873034212,16.30248447323291,loc\sgc62.20260122.220810.38.grid0.loc.hyp,7.711,-73.73683333,44.87,2.3,60.0,7.618325,-73.757633,53.779,28519.4,22834.4,-14890.2,245.7,236.3,257.7,2026.0,1.0,22.0,22.0,8.0,1.28,2.3,0.0,0.0,3.0,0.0,0.0,0.003,1.0,0.15240311567748918,-0.0452189999999959,0.15897002116501643,relocated,False,False,7.618325,-73.757633,53.779
61,SGC2026cjxroc,2026-02-03T17:27:11.980784Z,6.752508755,-73.1467329,141.1328125,2026-02-03T17:27:16.393518+00:00,6.867912,-73.151725,112.648438,0.119534,8,141.573,11.622091033888868,25.98676586264632,loc\sgc62.20260203.172732.15.grid0.loc.hyp,6.752508755,-73.1467329,141.1328125,3.5,61.0,6.867085,-73.152677,112.612,4365.3,6489.9,-16404.4,1260.8,948.8,583.6,2026.0,2.0,3.0,17.0,27.0,16.4,3.5,0.0,0.0,9.0,0.0,0.0,0.066,3.0,0.13965563640391176,-0.03643800000000397,0.14433095518073003,relocated,False,False,6.867085,-73.152677,112.612
62,SGC2026cmuvbi,2026-02-05T07:14:18.000000Z,7.6555,-73.80266667,86.33,2026-02-05T07:14:17.962685+00:00,7.54081,-73.824387,88.800781,0.139702,8,246.618,10.7703760380035,19.13062989030941,loc\sgc62.20260205.071430.66.grid0.loc.hyp,7.6555,-73.80266667,86.33,1.9,62.0,7.539706,-73.826351,88.803,20937.0,14139.8,20133.4,275.1,296.9,233.6,2026.0,2.0,5.0,7.0,14.0,17.96,1.9,0.0,0.0,16.0,0.0,0.0,0.069,1.0,0.2488916249139152,0.0022189999999966403,0.2489015164945546,relocated,False,False,7.539706,-73.826351,88.803
