dataset,event_id,method,seed,evaluations,optimizer_elapsed_s,n_stations,sgc_lat,sgc_lon,sgc_depth_km,relocated_lat,relocated_lon,relocated_depth_km,origin_shift_s,sgc_model_rms_s,relocated_rms_s,huber_objective_s,rms_reduction_s,delta_horizontal_km,delta_depth_km,depth_lower_km,depth_upper_km,depth_boundary,large_horizontal_shift,large_vertical_shift
stratified32,SGC2018uupq,PSO,669869292,9030,0.6338519998826087,8,7.464166667,-73.72583333,49.84,7.379696622919936,-73.7442733299002,67.76304643012284,-1.6229620408686216,0.9152539360384364,0.2948349737694778,0.2948349737694778,0.6204189622689587,9.6214048702959,17.923046430122838,29.840000000000003,69.84,False,False,True
stratified32,SGC2018uupq,LPSO,669869292,9030,1.3394567002542317,8,7.464166667,-73.72583333,49.84,7.379696631992169,-73.74427333198057,67.76304767839856,-1.622962199700236,0.9152539360384364,0.2948349737694794,0.2948349737694794,0.6204189622689571,9.62140393195386,17.92304767839856,29.840000000000003,69.84,False,False,True
stratified32,SGC2018uupq,HSSO-no-helix,669869292,9030,1.4287136001512408,8,7.464166667,-73.72583333,49.84,7.379696639549008,-73.7442733303601,67.76304859090916,-1.6229622911948214,0.9152539360384364,0.294834973769483,0.294834973769483,0.6204189622689535,9.621403071889429,17.92304859090916,29.840000000000003,69.84,False,False,True
stratified32,SGC2018uupq,HSSO-E,669869292,9030,1.5964552001096308,8,7.464166667,-73.72583333,49.84,7.379696633312397,-73.7442733351212,67.76304763373466,-1.622962238847995,0.9152539360384364,0.2948349737694853,0.2948349737694853,0.6204189622689511,9.621403861802406,17.923047633734654,29.840000000000003,69.84,False,False,True
stratified32,SGC2022pdaiuz,PSO,1292373626,9030,1.0286556999199092,8,6.696333333,-73.6905,55.52,6.7296837271673375,-73.4726798732466,75.52000000000001,-0.9462920429379452,2.210007305420685,1.1869470744531851,0.9698678077687584,1.0230602309675,24.351663534926757,20.000000000000007,35.52,75.52000000000001,True,False,True
stratified32,SGC2022pdaiuz,LPSO,1292373626,9030,1.1052765999920666,8,6.696333333,-73.6905,55.52,6.72968371325886,-73.47267988492145,75.52000000000001,-0.9462920704924028,2.210007305420685,1.186947023680096,0.9698678077687576,1.0230602817405894,24.35166202400295,20.000000000000007,35.52,75.52000000000001,True,False,True
stratified32,SGC2022pdaiuz,HSSO-no-helix,1292373626,9030,1.7113430998288095,8,6.696333333,-73.6905,55.52,6.729683728744478,-73.47267986369977,75.52000000000001,-0.9462920994891872,2.210007305420685,1.1869470880817456,0.9698678077687626,1.0230602173389396,24.35166460419458,20.000000000000007,35.52,75.52000000000001,True,False,True
stratified32,SGC2022pdaiuz,HSSO-E,1292373626,9030,1.575968900229782,8,6.696333333,-73.6905,55.52,6.729683707577842,-73.47267986990641,75.52000000000001,-0.9462922253214529,2.210007305420685,1.1869470218787934,0.9698678077687624,1.0230602835418918,24.351663567209357,20.000000000000007,35.52,75.52000000000001,True,False,True
stratified32,SGC2022oormtr,PSO,2652681979,9030,1.0541563997976482,8,7.220666667,-74.353,68.14,7.128443931377095,-74.26489018612834,48.14,1.183051420269896,0.6623192312066446,0.4212483360962178,0.4212483360962178,0.2410708951104267,14.148185209896434,-20.0,48.14,88.14,True,False,True
stratified32,SGC2022oormtr,LPSO,2652681979,9030,1.3404517001472414,8,7.220666667,-74.353,68.14,7.128443937514192,-74.26489018917326,48.14,1.1830513798708813,0.6623192312066446,0.4212483360962189,0.4212483360962189,0.2410708951104256,14.148184482667366,-20.0,48.14,88.14,True,False,True
stratified32,SGC2022oormtr,HSSO-no-helix,2652681979,9030,2.3823530999943614,8,7.220666667,-74.353,68.14,7.128443933563228,-74.26489018737911,48.14,1.183051405385566,0.6623192312066446,0.4212483360962181,0.4212483360962181,0.2410708951104264,14.148184938215437,-20.0,48.14,88.14,True,False,True
stratified32,SGC2022oormtr,HSSO-E,2652681979,9030,1.897709300275892,8,7.220666667,-74.353,68.14,7.128443929596513,-74.26489018446482,48.14,1.1830514343086058,0.6623192312066446,0.4212483360962188,0.4212483360962188,0.2410708951104257,14.14818548019834,-20.0,48.14,88.14,True,False,True
stratified32,SGC2019pdbii,PSO,2506510999,9030,0.7035035002045333,10,7.535166667,-73.784,87.38,7.447315455781193,-73.7521070967352,107.38,-2.2040095013485104,0.868027299637175,0.4823502100329444,0.4823502100329444,0.3856770896042305,10.395098097921272,20.0,67.38,107.38,True,False,True
stratified32,SGC2019pdbii,LPSO,2506510999,9030,1.490893000271171,10,7.535166667,-73.784,87.38,7.44731544433207,-73.75210709014041,107.38,-2.20400938867064,0.868027299637175,0.4823502100329488,0.4823502100329488,0.3856770896042261,10.395099543982138,20.0,67.38,107.38,True,False,True
stratified32,SGC2019pdbii,HSSO-no-helix,2506510999,9030,2.090887399856001,10,7.535166667,-73.784,87.38,7.447315459242675,-73.75210708904987,107.38,-2.2040095030333564,0.868027299637175,0.4823502100329477,0.4823502100329477,0.3856770896042272,10.395098023261264,20.0,67.38,107.38,True,False,True
stratified32,SGC2019pdbii,HSSO-E,2506510999,9030,1.4422587002627552,10,7.535166667,-73.784,87.38,7.44731546649856,-73.7521071010286,107.38,-2.204009600535548,0.868027299637175,0.4823502100329467,0.4823502100329467,0.3856770896042282,10.395096814695222,20.0,67.38,107.38,True,False,True
stratified32,SGC2022lnpqkc,PSO,1090621406,9030,0.8716938998550177,9,7.7155,-73.857,82.47,7.442783786517132,-73.77403684017533,91.42166414849852,0.3542310367469152,0.8104127202640882,0.2240499528206966,0.2240499528206966,0.5863627674433916,31.712485814257523,8.951664148498509,62.47,102.47,False,True,False
stratified32,SGC2022lnpqkc,LPSO,1090621406,9030,1.029126400128007,9,7.7155,-73.857,82.47,7.442783783443327,-73.77403684403613,91.4216655463077,0.3542309468997509,0.8104127202640882,0.2240499528207053,0.2240499528207053,0.5863627674433828,31.71248601852189,8.951665546307694,62.47,102.47,False,True,False
stratified32,SGC2022lnpqkc,HSSO-no-helix,1090621406,9030,1.290567200165242,9,7.7155,-73.857,82.47,7.44278379908156,-73.77403684582144,91.42166469163809,0.3542308925231161,0.8104127202640882,0.224049952820703,0.224049952820703,0.5863627674433851,31.71248429496699,8.951664691638086,62.47,102.47,False,True,False
stratified32,SGC2022lnpqkc,HSSO-E,1090621406,9030,1.371646299958229,9,7.7155,-73.857,82.47,7.442783785714099,-73.77403684143972,91.42166309597134,0.3542311475243984,0.8104127202640882,0.2240499528206993,0.2240499528206993,0.5863627674433888,31.71248585945348,8.951663095971341,62.47,102.47,False,True,False
stratified32,SGC2019pxebo,PSO,2187055315,9030,0.9986032000742852,10,7.095,-73.82633333,90.59,7.083444925791548,-73.82972005695281,110.59,-2.186903104312827,0.666140060268024,0.521559554188851,0.5061715160583884,0.1445805060791729,1.3396348269898708,20.0,70.59,110.59,True,False,True
stratified32,SGC2019pxebo,LPSO,2187055315,9030,1.113530199974775,10,7.095,-73.82633333,90.59,7.083444918773163,-73.82972005922946,110.59,-2.1869031287971863,0.666140060268024,0.5215595574182149,0.5061715160583918,0.144580502849809,1.3396356474423292,20.0,70.59,110.59,True,False,True
stratified32,SGC2019pxebo,HSSO-no-helix,2187055315,9030,1.2958764997310936,10,7.095,-73.82633333,90.59,7.083444925939243,-73.82972004954601,110.59,-2.1869030425055014,0.666140060268024,0.5215595552524419,0.5061715160583912,0.144580505015582,1.3396345826052831,20.0,70.59,110.59,True,False,True
stratified32,SGC2019pxebo,HSSO-E,2187055315,9030,1.4086298998445272,10,7.095,-73.82633333,90.59,7.083444935075978,-73.82972007065891,110.59,-2.1869032111654567,0.666140060268024,0.5215595473461926,0.5061715160583912,0.1445805129218313,1.339634257602763,20.0,70.59,110.59,True,False,True
stratified32,SGC2019vrkvej,PSO,3527826068,9030,0.62789969984442,10,6.474833333,-73.75466667,91.05,6.532840622192561,-73.74128211358183,111.05,-2.2909452322827084,0.674539805930101,0.4160097113331703,0.416009559818268,0.2585300945969306,6.624551385530932,20.0,71.05,111.05,True,False,True
stratified32,SGC2019vrkvej,LPSO,3527826068,9030,0.8458596002310514,10,6.474833333,-73.75466667,91.05,6.5328406178667375,-73.74128212255067,111.05,-2.2909453229415133,0.674539805930101,0.4160097113309832,0.416009559818265,0.2585300945991177,6.624550694909255,20.0,71.05,111.05,True,False,True
stratified32,SGC2019vrkvej,HSSO-no-helix,3527826068,9030,1.7677906998433173,10,6.474833333,-73.75466667,91.05,6.532840617606648,-73.74128211997045,111.05,-2.290945305652905,0.674539805930101,0.4160097113337291,0.4160095598182643,0.2585300945963719,6.624550730329882,20.0,71.05,111.05,True,False,True
stratified32,SGC2019vrkvej,HSSO-E,3527826068,9030,1.4652113001793623,10,6.474833333,-73.75466667,91.05,6.532840630642177,-73.74128212254168,111.05,-2.2909452482159667,0.674539805930101,0.4160097113130095,0.4160095598182687,0.2585300946170915,6.624552081402895,20.0,71.05,111.05,True,False,True
stratified32,SGC2020dtzpwj,PSO,2696495899,9030,0.6880892999470234,9,7.322333333,-73.48983333,109.67,7.293812440967959,-73.49052144058794,129.67000000000002,-2.2811044237916462,0.5447866509721293,0.388848235057973,0.388848235057973,0.1559384159141562,3.1758558987414696,20.00000000000001,89.67,129.67000000000002,True,False,True
stratified32,SGC2020dtzpwj,LPSO,2696495899,9030,0.7848613001406193,9,7.322333333,-73.48983333,109.67,7.293812430316231,-73.4905214389151,129.67000000000002,-2.2811043815157497,0.5447866509721293,0.3888482350579667,0.3888482350579667,0.1559384159141625,3.175857079727103,20.00000000000001,89.67,129.67000000000002,True,False,True
stratified32,SGC2020dtzpwj,HSSO-no-helix,2696495899,9030,1.4367639999836683,9,7.322333333,-73.48983333,109.67,7.293812433753291,-73.4905214308442,129.67000000000002,-2.2811043705483165,0.5447866509721293,0.3888482350579699,0.3888482350579699,0.1559384159141593,3.1758566758748703,20.00000000000001,89.67,129.67000000000002,True,False,True
stratified32,SGC2020dtzpwj,HSSO-E,2696495899,9030,1.295056799892336,9,7.322333333,-73.48983333,109.67,7.293812417381502,-73.49052144219908,129.67000000000002,-2.281104345369929,0.5447866509721293,0.3888482350579718,0.3888482350579718,0.1559384159141574,3.1758585278949867,20.00000000000001,89.67,129.67000000000002,True,False,True
stratified32,SGC2019wbnvco,PSO,1819868056,9030,0.8941902001388371,10,6.568333333,-73.522,110.61,6.597490610001133,-73.51182248824965,130.61,-2.3734094376736525,0.5142328840772259,0.3089888633316045,0.3089888633316045,0.2052440207456213,3.4350656141000773,20.00000000000001,90.61,130.61,True,False,True
stratified32,SGC2019wbnvco,LPSO,1819868056,9030,1.210356300231069,10,6.568333333,-73.522,110.61,6.597490611492905,-73.5118224760104,130.61,-2.373409441198317,0.5142328840772259,0.3089888633315993,0.3089888633315993,0.2052440207456265,3.435066213713931,20.00000000000001,90.61,130.61,True,False,True
stratified32,SGC2019wbnvco,HSSO-no-helix,1819868056,9030,1.4489269000478089,10,6.568333333,-73.522,110.61,6.597490619384547,-73.51182248142494,130.61,-2.3734094232123937,0.5142328840772259,0.3089888633315987,0.3089888633315987,0.2052440207456271,3.435066847957548,20.00000000000001,90.61,130.61,True,False,True
stratified32,SGC2019wbnvco,HSSO-E,1819868056,9030,1.4483393002301457,10,6.568333333,-73.522,110.61,6.59749061752153,-73.51182248327213,130.61,-2.3734094258266136,0.5142328840772259,0.3089888633315983,0.3089888633315983,0.2052440207456275,3.435066585180733,20.00000000000001,90.61,130.61,True,False,True
stratified32,SGC2020gerodj,PSO,4175855999,9030,0.6025547999888659,9,6.591166667,-73.38966667,121.67,6.625497760146127,-73.42223633703223,141.67000000000002,-2.4939385379058976,0.5185726919283484,0.3130796538078651,0.3130796538078651,0.2054930381204833,5.249363349505048,20.00000000000001,101.67,141.67000000000002,True,False,True
stratified32,SGC2020gerodj,LPSO,4175855999,9030,1.114862100221217,9,6.591166667,-73.38966667,121.67,6.625497773281824,-73.4222363450457,141.67000000000002,-2.4939385002981997,0.5185726919283484,0.3130796538078619,0.3130796538078619,0.2054930381204864,5.249365021071488,20.00000000000001,101.67,141.67000000000002,True,False,True
stratified32,SGC2020gerodj,HSSO-no-helix,4175855999,9030,1.8774309996515512,9,6.591166667,-73.38966667,121.67,6.625497762173183,-73.42223634420323,141.67000000000002,-2.4939385715680693,0.5185726919283484,0.3130796538078679,0.3130796538078679,0.2054930381204805,5.249364056955544,20.00000000000001,101.67,141.67000000000002,True,False,True
stratified32,SGC2020gerodj,HSSO-E,4175855999,9030,1.431487999856472,9,6.591166667,-73.38966667,121.67,6.625497764444096,-73.42223634504045,141.67000000000002,-2.4939385614209684,0.5185726919283484,0.3130796538078654,0.3130796538078654,0.2054930381204829,5.2493643044173695,20.00000000000001,101.67,141.67000000000002,True,False,True
stratified32,SGC2018hxdw,PSO,1293122397,9030,0.51350689958781,8,7.437,-73.179,132.44,7.378832163167714,-73.22370931383456,149.8824847588626,-1.4988381546863714,0.638068173991438,0.4010435588172594,0.4010435588172594,0.2370246151741786,8.144434516493332,17.442484758862605,112.44,152.44,False,False,True
stratified32,SGC2018hxdw,LPSO,1293122397,9030,0.8934717001393437,8,7.437,-73.179,132.44,7.378835784801661,-73.22371141422715,149.8824540573229,-1.4988537807142688,0.638068173991438,0.4010435587406599,0.4010435587406599,0.2370246152507781,8.14425475664237,17.44245405732289,112.44,152.44,False,False,True
stratified32,SGC2018hxdw,HSSO-no-helix,1293122397,9030,1.2360827000811696,8,7.437,-73.179,132.44,7.378821187875644,-73.22374300371098,149.8760475194457,-1.4980709837928394,0.638068173991438,0.4010435512637034,0.4010435512637034,0.2370246227277345,8.14766398193784,17.436047519445708,112.44,152.44,False,False,True
stratified32,SGC2018hxdw,HSSO-E,1293122397,9030,1.7935154000297189,8,7.437,-73.179,132.44,7.3788225044486175,-73.22371399560497,149.88088112530264,-1.4986107455463955,0.638068173991438,0.4010435607804335,0.4010435607804335,0.2370246132110045,8.145603124239766,17.44088112530264,112.44,152.44,False,False,True
stratified32,SGC2026cjxroc,PSO,1845506866,9030,0.583080000244081,8,6.752508755,-73.1467329,141.1328125,6.837716838362211,-73.18381895628566,161.1328125,-0.1983033582049387,0.4992761617872689,0.1605336350428388,0.1605336350428388,0.3387425267444301,10.332610488655776,20.0,121.1328125,161.1328125,True,False,True
stratified32,SGC2026cjxroc,LPSO,1845506866,9030,0.7537853000685573,8,6.752508755,-73.1467329,141.1328125,6.83771710309827,-73.18382005965603,161.1328125,-0.198302253715175,0.4992761617872689,0.160533634796208,0.160533634796208,0.3387425269910609,10.332685890085344,20.0,121.1328125,161.1328125,True,False,True
stratified32,SGC2026cjxroc,HSSO-no-helix,1845506866,9030,1.210610100068152,8,6.752508755,-73.1467329,141.1328125,6.837717324372153,-73.18382098190807,161.1328125,-0.1983013305301799,0.4992761617872689,0.1605336347443731,0.1605336347443731,0.3387425270428958,10.332748914525224,20.0,121.1328125,161.1328125,True,False,True
stratified32,SGC2026cjxroc,HSSO-E,1845506866,9030,1.3317490997724235,8,6.752508755,-73.1467329,141.1328125,6.837717419888258,-73.18382136649464,161.13281245043456,-0.1983009382421166,0.4992761617872689,0.1605336356233951,0.1605336356233951,0.3387425261638738,10.332775527844335,19.99999995043456,121.1328125,161.1328125,True,False,True
stratified32,SGC2023tnjthq,PSO,2566577159,9030,0.6871039997786283,7,6.8055,-73.1465,149.53,6.820423994000826,-73.1650040713698,169.53,-1.389173439525024,0.3805687541053147,0.2387747174153788,0.2387747174153788,0.1417940366899359,2.634408139451184,20.0,129.53,169.53,True,False,True
stratified32,SGC2023tnjthq,LPSO,2566577159,9030,0.9116638000123204,7,6.8055,-73.1465,149.53,6.820424641663416,-73.16500654767101,169.53,-1.3891837986067586,0.3805687541053147,0.2387747171925542,0.2387747171925542,0.1417940369127605,2.6346659509396586,20.0,129.53,169.53,True,False,True
stratified32,SGC2023tnjthq,HSSO-no-helix,2566577159,9030,1.4290702999569476,7,6.8055,-73.1465,149.53,6.818305152562326,-73.1632340739636,169.53,-1.3912432813199658,0.3805687541053147,0.238783693638469,0.238783693638469,0.1417850604668457,2.33464907898934,20.0,129.53,169.53,True,False,True
stratified32,SGC2023tnjthq,HSSO-E,2566577159,9030,1.219316600356251,7,6.8055,-73.1465,149.53,6.820424833657521,-73.16500728740313,169.53,-1.389186899020256,0.3805687541053147,0.2387747172351534,0.2387747172351534,0.1417940368701613,2.634742862781091,20.0,129.53,169.53,True,False,True
stratified32,SGC2024clkrqm,PSO,108408146,9030,0.4768077996559441,7,6.796333333,-73.125,150.3,6.799476180420773,-73.18003101986878,170.3,-1.3278400666272638,0.2756258791263291,0.1022307881983702,0.1022307881983702,0.1733950909279588,6.090447554673752,20.0,130.3,170.3,True,False,True
stratified32,SGC2024clkrqm,LPSO,108408146,9030,0.6960919997654855,7,6.796333333,-73.125,150.3,6.799476181244505,-73.18003101503253,170.3,-1.327840053112315,0.2756258791263291,0.1022307881983649,0.1022307881983649,0.1733950909279642,6.090447026464585,20.0,130.3,170.3,True,False,True
stratified32,SGC2024clkrqm,HSSO-no-helix,108408146,9030,1.645315000321716,7,6.796333333,-73.125,150.3,6.7994761808977495,-73.18003101563639,170.3,-1.327840053935191,0.2756258791263291,0.1022307881983667,0.1022307881983667,0.1733950909279623,6.090447090858077,20.0,130.3,170.3,True,False,True
stratified32,SGC2024clkrqm,HSSO-E,108408146,9030,1.2931419000960886,7,6.796333333,-73.125,150.3,6.799476176972463,-73.18003101033683,170.3,-1.3278400220106938,0.2756258791263291,0.1022307881983659,0.1022307881983659,0.1733950909279631,6.090446481174844,20.0,130.3,170.3,True,False,True
stratified32,SGC2024bkjqkz,PSO,4134458335,9030,0.4305991996079683,6,6.804333333,-73.09916667,150.91,6.831241894861027,-73.13156147201221,170.91,-1.4383064481730423,0.4313361811924234,0.3377427921254607,0.3377427921254607,0.0935933890669627,4.667359297896026,20.0,130.91,170.91,True,False,True
stratified32,SGC2024bkjqkz,LPSO,4134458335,9030,0.6900656004436314,6,6.804333333,-73.09916667,150.91,6.83124187709353,-73.13156146478376,170.91,-1.4383064719190806,0.4313361811924234,0.3377427921254629,0.3377427921254629,0.0935933890669605,4.667357416027629,20.0,130.91,170.91,True,False,True
stratified32,SGC2024bkjqkz,HSSO-no-helix,4134458335,9030,1.5170188997872174,6,6.804333333,-73.09916667,150.91,6.831241897683575,-73.13156147418604,170.91,-1.4383064397097698,0.4313361811924234,0.3377427921254618,0.3377427921254618,0.0935933890669616,4.667359683744752,20.0,130.91,170.91,True,False,True
stratified32,SGC2024bkjqkz,HSSO-E,4134458335,9030,1.4441566998139024,6,6.804333333,-73.09916667,150.91,6.831241904471597,-73.13156146817738,170.91,-1.4383064707551796,0.4313361811924234,0.3377427921254656,0.3377427921254656,0.0935933890669578,4.6673596595767375,20.0,130.91,170.91,True,False,True
new30,SGC2023vzpirs,PSO,994664493,9030,0.559217699803412,8,7.432833333,-74.07966667,25.73,7.333732155619847,-74.07848065406209,45.73,-0.0159846938570282,0.7045561823563863,0.4310353221121309,0.4310353221121309,0.2735208602442553,11.032721338196868,20.000000000000004,5.73,45.73,True,False,True
new30,SGC2023vzpirs,LPSO,994664493,9030,0.7564945002086461,8,7.432833333,-74.07966667,25.73,7.333705001863445,-74.07846677787263,45.73,-0.0157497307032734,0.7045561823563863,0.4310353291513862,0.4310353291513862,0.273520853205,11.035762193354374,20.000000000000004,5.73,45.73,True,False,True
new30,SGC2023vzpirs,HSSO-no-helix,994664493,9030,1.2041375003755093,8,7.432833333,-74.07966667,25.73,7.333722488905098,-74.0784757170634,45.73,-0.0159010260183407,0.7045561823563863,0.431035321404993,0.431035321404993,0.2735208609513933,11.033803852989974,20.000000000000004,5.73,45.73,True,False,True
new30,SGC2023vzpirs,HSSO-E,994664493,9030,1.2794971000403166,8,7.432833333,-74.07966667,25.73,7.333714275140841,-74.07847153502954,45.73,-0.0158298757914767,0.7045561823563863,0.4310353223130603,0.4310353223130603,0.2735208600433259,11.034723664096727,20.000000000000004,5.73,45.73,True,False,True
new30,SGC2023tdymfy,PSO,497782936,9030,0.8236517999321222,8,7.1925,-73.78916667,23.81,7.069168250740659,-73.7916674371592,42.71521469470619,-0.8224325392511318,0.7751025209091679,0.2060670216681734,0.2060670216681734,0.5690354992409944,13.732070503455557,18.905214694706192,3.809999999999999,43.81,False,False,True
new30,SGC2023tdymfy,LPSO,497782936,9030,1.0082803000696003,8,7.1925,-73.78916667,23.81,7.069168248502136,-73.7916674330903,42.7152163479972,-0.822432627934452,0.7751025209091679,0.2060670216681666,0.2060670216681666,0.5690354992410012,13.732070743551333,18.9052163479972,3.809999999999999,43.81,False,False,True
new30,SGC2023tdymfy,HSSO-no-helix,497782936,9030,1.2612171997316182,8,7.1925,-73.78916667,23.81,7.06916824839062,-73.79166743544272,42.71521672877921,-0.8224326179980288,0.7751025209091679,0.2060670216681709,0.2060670216681709,0.569035499240997,13.732070761192697,18.90521672877921,3.809999999999999,43.81,False,False,True
new30,SGC2023tdymfy,HSSO-E,497782936,9030,1.2571840998716652,8,7.1925,-73.78916667,23.81,7.069168236882606,-73.79166742893807,42.71521867245465,-0.8224326564407285,0.7751025209091679,0.2060670216681697,0.2060670216681697,0.569035499240998,13.732072027544106,18.905218672454648,3.809999999999999,43.81,False,False,True
new30,SGC2026boggwn,PSO,2189409557,9030,0.5252634002827108,8,7.711,-73.73683333,44.87,7.536419441577786,-73.76088233170792,62.573793299526336,-0.333545813212698,0.7722370538219133,0.1665381440259025,0.1665381440259025,0.6056989097960108,19.615119763529865,17.70379329952634,24.87,64.87,False,False,True
new30,SGC2026boggwn,LPSO,2189409557,9030,0.7787138000130653,8,7.711,-73.73683333,44.87,7.53641945268273,-73.76088233184417,62.57379451629832,-0.3335459712610973,0.7722370538219133,0.1665381440258968,0.1665381440258968,0.6056989097960165,19.61511854076232,17.703794516298323,24.87,64.87,False,False,True
new30,SGC2026boggwn,HSSO-no-helix,2189409557,9030,1.2290256000123918,8,7.711,-73.73683333,44.87,7.536419459196106,-73.7608823371023,62.57379462712396,-0.3335460437826434,0.7722370538219133,0.166538144025901,0.166538144025901,0.6056989097960124,19.615117901078857,17.703794627123962,24.87,64.87,False,False,True
new30,SGC2026boggwn,HSSO-E,2189409557,9030,1.6664783000014722,8,7.711,-73.73683333,44.87,7.53641945328359,-73.76088233677856,62.57379350413152,-0.3335459457772298,0.7722370538219133,0.1665381440259008,0.1665381440259008,0.6056989097960125,19.61511854834756,17.703793504131525,24.87,64.87,False,False,True
new30,SGC2025pgzatv,LPSO,1369998956,9030,0.7062656003981829,7,7.723166667,-73.75666667,43.88,7.649017480905685,-73.77090640059012,60.10151413075269,-0.992436938429666,0.3966050598578866,0.1858701329870945,0.1858701329870945,0.210734926870792,8.402897980210643,16.221514130752688,23.880000000000003,63.88,False,False,True
new30,SGC2025pgzatv,HSSO-no-helix,1369998956,9030,1.1237955996766686,7,7.723166667,-73.75666667,43.88,7.64825723757435,-73.77033687300501,59.9657596213969,-0.9755647488824516,0.3966050598578866,0.1858530604868601,0.1858530604868601,0.2107519993710264,8.474604930523435,16.085759621396896,23.880000000000003,63.88,False,False,True
new30,SGC2025pgzatv,HSSO-E,1369998956,9030,1.198793699964881,7,7.723166667,-73.75666667,43.88,7.647118832229274,-73.76913145313065,59.65866636284876,-0.9429028732327822,0.3966050598578866,0.185868420789779,0.185868420789779,0.2107366390681076,8.576941531929123,15.778666362848751,23.880000000000003,63.88,False,False,True
new30,SGC2025yxrhgz,PSO,958740394,9030,0.7835132996551692,8,7.457166667,-73.291,51.5,7.46282512480084,-73.34670558417304,31.5,-0.1426146681700064,0.780826773852966,0.5307312175974397,0.5307098694604799,0.2500955562555262,6.187071471010524,-20.0,31.5,71.5,True,False,True
new30,SGC2025yxrhgz,LPSO,958740394,9030,0.9479040000587702,8,7.457166667,-73.291,51.5,7.4628251220868895,-73.34670557500527,31.5,-0.1426146133375532,0.780826773852966,0.5307312179596343,0.5307098694604858,0.2500955558933316,6.18707043256687,-20.0,31.5,71.5,True,False,True
new30,SGC2025yxrhgz,HSSO-no-helix,958740394,9030,1.9662187998183072,8,7.457166667,-73.291,51.5,7.462825127461864,-73.34670558191804,31.5,-0.1426146823119243,0.780826773852966,0.5307312177181771,0.5307098694604797,0.2500955561347888,6.187071253308378,-20.0,31.5,71.5,True,False,True
new30,SGC2025yxrhgz,HSSO-E,958740394,9030,1.4712445000186565,8,7.457166667,-73.291,51.5,7.462825118379339,-73.34670558807005,31.5,-0.142614628600052,0.780826773852966,0.5307312173714591,0.5307098694604858,0.2500955564815068,6.187071826577473,-20.0,31.5,71.5,True,False,True
new30,SGC2026baehdu,PSO,1977242476,9030,0.5668677999638021,8,7.7865,-74.16983333,64.85,7.517050951518563,-74.0495239104409,73.24537526879587,1.7562304893138094,0.767246306041844,0.5014776594399278,0.4999585514357941,0.2657686466019161,32.80866337865609,8.395375268795874,44.85,84.85,False,True,False
new30,SGC2026baehdu,LPSO,1977242476,9030,0.7571266000159085,8,7.7865,-74.16983333,64.85,7.517050960579994,-74.04952392756387,73.2453750313974,1.7562303887852426,0.767246306041844,0.5014776576991576,0.4999585514357923,0.2657686483426863,32.808661689897335,8.395375031397407,44.85,84.85,False,True,False
new30,SGC2026baehdu,HSSO-no-helix,1977242476,9030,1.5911176996305585,8,7.7865,-74.16983333,64.85,7.517050951126679,-74.04952391356062,73.24537394104026,1.7562305389049655,0.767246306041844,0.5014776601082573,0.4999585514357926,0.2657686459335866,32.80866327887837,8.395373941040262,44.85,84.85,False,True,False
new30,SGC2026baehdu,HSSO-E,1977242476,9030,1.3732459000311792,8,7.7865,-74.16983333,64.85,7.517050965923601,-74.04952392088698,73.24537439456742,1.7562303918499005,0.767246306041844,0.5014776582836541,0.4999585514357909,0.2657686477581898,32.80866144496422,8.395374394567426,44.85,84.85,False,True,False
new30,SGC2025wvcvfj,PSO,1236301910,9030,0.4533294001594186,7,7.628833333,-74.03433333,67.64,7.35865872847028,-73.96629655581641,75.3925148708758,0.6105266494810344,0.698787832940567,0.1395212234155748,0.1395212234155748,0.5592666095249922,31.001084863856654,7.7525148708758,47.64,87.64,False,True,False
new30,SGC2025wvcvfj,LPSO,1236301910,9030,0.6569292000494897,7,7.628833333,-74.03433333,67.64,7.35865872241752,-73.96629655357009,75.3925116664735,0.6105268265845538,0.698787832940567,0.1395212234155752,0.1395212234155752,0.5592666095249917,31.00108557772492,7.752511666473495,47.64,87.64,False,True,False
new30,SGC2025wvcvfj,HSSO-no-helix,1236301910,9030,1.1284623998217285,7,7.628833333,-74.03433333,67.64,7.3586587108608015,-73.96629654529936,75.39251616247162,0.6105266977661366,0.698787832940567,0.1395212234155746,0.1395212234155746,0.5592666095249924,31.001087047416657,7.752516162471622,47.64,87.64,False,True,False
new30,SGC2025wvcvfj,HSSO-E,1236301910,9030,1.637245700228959,7,7.628833333,-74.03433333,67.64,7.358658716416337,-73.96629654787228,75.39251675739114,0.6105266358379815,0.698787832940567,0.1395212234155728,0.1395212234155728,0.5592666095249941,31.001086378497146,7.752516757391135,47.64,87.64,False,True,False
new30,SGC2025xyrfux,PSO,1591606794,9030,0.8437995999120176,8,7.556833333,-73.98116667,84.33,7.294633721903386,-73.90226321675368,78.50855689561878,1.808746113319767,0.8323650602291679,0.1976586123158972,0.1976586123158972,0.6347064479132707,30.462230394779464,-5.821443104381217,64.33,104.33,False,True,False
new30,SGC2025xyrfux,LPSO,1591606794,9030,1.672971600200981,8,7.556833333,-73.98116667,84.33,7.294633726002928,-73.90226321910761,78.50855535627092,1.808746152576422,0.8323650602291679,0.1976586123158901,0.1976586123158901,0.6347064479132778,30.46222988307214,-5.82144464372908,64.33,104.33,False,True,False
new30,SGC2025xyrfux,HSSO-no-helix,1591606794,9030,1.4306211001239717,8,7.556833333,-73.98116667,84.33,7.294633728063971,-73.90226322574705,78.50855436169402,1.808746177178007,0.8323650602291679,0.1976586123158962,0.1976586123158962,0.6347064479132717,30.46222945328507,-5.821445638305974,64.33,104.33,False,True,False
new30,SGC2025xyrfux,HSSO-E,1591606794,9030,1.4646800998598335,8,7.556833333,-73.98116667,84.33,7.294633724669324,-73.90226322307117,78.50855646756797,1.8087461072146205,0.8323650602291679,0.1976586123158977,0.1976586123158977,0.6347064479132701,30.46222989998596,-5.821443532432028,64.33,104.33,False,True,False
new30,SGC2026cmuvbi,PSO,2150127604,9030,1.0614871997386215,8,7.6555,-73.80266667,86.33,7.408524914023742,-73.76895162146839,94.94077133530348,0.5589243543030253,0.7393180264094684,0.1458963413385689,0.1458963413385689,0.5934216850708995,27.74448955211177,8.610771335303468,66.33,106.33,False,True,False
new30,SGC2026cmuvbi,LPSO,2150127604,9030,1.276088499929756,8,7.6555,-73.80266667,86.33,7.408524920042094,-73.7689516244169,94.94077157511282,0.5589242782014772,0.7393180264094684,0.1458963413385684,0.1458963413385684,0.5934216850709,27.744488844473214,8.610771575112821,66.33,106.33,False,True,False
new30,SGC2026cmuvbi,HSSO-no-helix,2150127604,9030,1.358468999620527,8,7.6555,-73.80266667,86.33,7.408524912210321,-73.76895162303158,94.94076941424134,0.5589245154165043,0.7393180264094684,0.1458963413385757,0.1458963413385757,0.5934216850708927,27.74448972896327,8.610769414241346,66.33,106.33,False,True,False
new30,SGC2026cmuvbi,HSSO-E,2150127604,9030,1.315098900347948,8,7.6555,-73.80266667,86.33,7.408524915489228,-73.76895162331888,94.94077131032115,0.558924339520452,0.7393180264094684,0.145896341338569,0.145896341338569,0.5934216850708993,27.744489362998326,8.610771310321155,66.33,106.33,False,True,False
new30,SGC2026asvptr,PSO,1835220583,9030,0.5517987003549933,8,6.507833333,-73.70216667,99.06,6.543863606218864,-73.69769507247847,117.5733568738137,-2.013695075029003,0.4994710736246236,0.2086506156109044,0.2086506156109044,0.2908204580137191,4.041205485118947,18.51335687381369,79.06,119.06,False,False,True
new30,SGC2026asvptr,LPSO,1835220583,9030,0.7598989000543952,8,6.507833333,-73.70216667,99.06,6.543863598285399,-73.6976950759169,117.5733564299354,-2.013695060524708,0.4994710736246236,0.2086506156109079,0.2086506156109079,0.2908204580137157,4.041204562143605,18.513356429935385,79.06,119.06,False,False,True
new30,SGC2026asvptr,HSSO-no-helix,1835220583,9030,1.7011865000240505,8,6.507833333,-73.70216667,99.06,6.543863595639249,-73.69769507423905,117.57335913211784,-2.013695298268908,0.4994710736246236,0.2086506156109003,0.2086506156109003,0.2908204580137232,4.041204292448709,18.513359132117827,79.06,119.06,False,False,True
new30,SGC2026asvptr,HSSO-E,1835220583,9030,1.4364220998249948,8,6.507833333,-73.70216667,99.06,6.543863577457706,-73.69769507483976,117.57336134894337,-2.013695566385977,0.4994710736246236,0.2086506156109048,0.2086506156109048,0.2908204580137188,4.041202275547783,18.513361348943363,79.06,119.06,False,False,True
new30,SGC2026arcexx,PSO,1631159803,9030,0.5512998998165131,8,6.976833333,-73.77016667,90.0,6.882688380405492,-73.77687908793307,110.0,-2.2770383556458,0.5964529746381094,0.2821015612360604,0.2821015612360604,0.314351413402049,10.50642587043426,20.0,70.0,110.0,True,False,True
new30,SGC2026arcexx,LPSO,1631159803,9030,0.7454719999805093,8,6.976833333,-73.77016667,90.0,6.882698541837868,-73.77688558390632,110.0,-2.277086620087177,0.5964529746381094,0.2821015701480772,0.2821015701480772,0.3143514044900322,10.505348217718703,20.0,70.0,110.0,True,False,True
new30,SGC2026arcexx,HSSO-no-helix,1631159803,9030,1.18873929977417,8,6.976833333,-73.77016667,90.0,6.882674582344043,-73.77687026777966,110.0,-2.276972826041272,0.5964529746381094,0.2821015798561519,0.2821015798561519,0.3143513947819575,10.507889300838944,20.0,70.0,110.0,True,False,True
new30,SGC2026arcexx,HSSO-E,1631159803,9030,1.891964899841696,8,6.976833333,-73.77016667,90.0,6.882689439463608,-73.7768797814057,110.0,-2.2770435255915693,0.5964529746381094,0.2821015636093905,0.2821015636093905,0.3143514110287189,10.506313679333177,20.0,70.0,110.0,True,False,True
new30,SGC2025zqwcsx,PSO,1217712279,9030,1.098661399912089,8,6.339333333,-73.59033333,117.92,6.388521925949269,-73.57712609477915,132.93402707264914,-1.3969625576942484,0.3314061952697056,0.1404524433751147,0.1404524433751147,0.1909537518945909,5.666787285990938,15.014027072649142,97.92,137.92000000000002,False,False,True
new30,SGC2025zqwcsx,LPSO,1217712279,9030,1.166983200237155,8,6.339333333,-73.59033333,117.92,6.388521911987778,-73.57712609672527,132.9340292399527,-1.396962814331955,0.3314061952697056,0.1404524433751063,0.1404524433751063,0.1909537518945993,5.666785728840489,15.014029239952706,97.92,137.92000000000002,False,False,True
new30,SGC2025zqwcsx,HSSO-no-helix,1217712279,9030,1.7190867997705936,8,6.339333333,-73.59033333,117.92,6.38852191549308,-73.57712609722368,132.9340296885304,-1.3969628321542764,0.3314061952697056,0.140452443375106,0.140452443375106,0.1909537518945996,5.666786091709594,15.014029688530384,97.92,137.92000000000002,False,False,True
new30,SGC2025zqwcsx,HSSO-E,1217712279,9030,1.515114499721676,8,6.339333333,-73.59033333,117.92,6.388521910721294,-73.57712609247504,132.93403067858696,-1.3969629473284737,0.3314061952697056,0.1404524433751108,0.1404524433751108,0.1909537518945948,5.666785713540495,15.014030678586964,97.92,137.92000000000002,False,False,True
new30,SGC2025kgeyrg,PSO,553436817,9030,1.004433499649167,8,6.560666667,-73.50683333,117.39,6.605849235150872,-73.51707707858726,137.39,-1.984208010775708,0.464007027380739,0.1944887612145386,0.1944887612145386,0.2695182661662004,5.15549871905637,19.999999999999982,97.39,137.39,True,False,True
new30,SGC2025kgeyrg,LPSO,553436817,9030,1.547592299990356,8,6.560666667,-73.50683333,117.39,6.6058492380371,-73.51707708054927,137.39,-1.984208005351439,0.464007027380739,0.1944887612145381,0.1944887612145381,0.269518266166201,5.155499080105194,19.999999999999982,97.39,137.39,True,False,True
new30,SGC2025kgeyrg,HSSO-no-helix,553436817,9030,2.0357984001748264,8,6.560666667,-73.50683333,117.39,6.6058492376005855,-73.51707707772522,137.39,-1.9842080062385872,0.464007027380739,0.1944887612145378,0.1944887612145378,0.2695182661662012,5.15549896419493,19.999999999999982,97.39,137.39,True,False,True
new30,SGC2025kgeyrg,HSSO-E,553436817,9030,1.7145643001422286,8,6.560666667,-73.50683333,117.39,6.605849231724751,-73.51707708465494,137.39,-1.9842080169927687,0.464007027380739,0.1944887612145437,0.1944887612145437,0.2695182661661953,5.155498494148442,19.999999999999982,97.39,137.39,True,False,True
new30,SGC2022obwjqd,PSO,3766162413,9030,0.7109364997595549,9,6.861166667,-73.2815,126.9,6.856570821018478,-73.31616582344998,146.1412924497153,-2.103339922580826,0.479195287979525,0.1297513659551858,0.1297513659551858,0.3494439220243391,3.8642521974351673,19.241292449715303,106.9,146.9,False,False,True
new30,SGC2022obwjqd,LPSO,3766162413,9030,1.034064400009811,9,6.861166667,-73.2815,126.9,6.856570814190644,-73.31616582152331,146.14129214195577,-2.103339917109672,0.479195287979525,0.1297513659551827,0.1297513659551827,0.3494439220243422,3.864252087062028,19.241292141955768,106.9,146.9,False,False,True
new30,SGC2022obwjqd,HSSO-no-helix,3766162413,9030,1.4974690997041762,9,6.861166667,-73.2815,126.9,6.85657081353321,-73.3161658198356,146.141290242966,-2.103339738023564,0.479195287979525,0.1297513659551783,0.1297513659551783,0.3494439220243467,3.8642519119173873,19.241290242965988,106.9,146.9,False,False,True
new30,SGC2022obwjqd,HSSO-E,3766162413,9030,1.7389106997288764,9,6.861166667,-73.2815,126.9,6.856570818359456,-73.31616582170498,146.14128729771934,-2.103339419211263,0.479195287979525,0.1297513659551841,0.1297513659551841,0.3494439220243408,3.864252045516296,19.24128729771934,106.9,146.9,False,False,True
new30,SGC2022hytacc,PSO,775292729,9030,0.8292160998098552,9,7.449833333,-73.18983333,138.12,7.352322092040918,-73.24553022124704,155.0197582275977,-1.4555914192115722,0.5273293648827716,0.1854976549432355,0.1854976549432355,0.341831709939536,12.47802973905956,16.899758227597687,118.12,158.12,False,False,True
new30,SGC2022hytacc,LPSO,775292729,9030,0.9788412000052632,9,7.449833333,-73.18983333,138.12,7.352322102163544,-73.24553021440894,155.0197648454983,-1.4555920941959322,0.5273293648827716,0.1854976549432349,0.1854976549432349,0.3418317099395366,12.4780283861628,16.899764845498282,118.12,158.12,False,False,True
new30,SGC2022hytacc,HSSO-no-helix,775292729,9030,1.3080532997846603,9,7.449833333,-73.18983333,138.12,7.3523221042473,-73.24553021462373,155.01975930237927,-1.4555914948326103,0.5273293648827716,0.1854976549432354,0.1854976549432354,0.3418317099395361,12.47802819607511,16.899759302379266,118.12,158.12,False,False,True
new30,SGC2022hytacc,HSSO-E,775292729,9030,1.388308099936694,9,7.449833333,-73.18983333,138.12,7.352322084857247,-73.24553021570895,155.0197556741059,-1.4555911040187013,0.5273293648827716,0.1854976549432365,0.1854976549432365,0.3418317099395351,12.478030132945824,16.899755674105904,118.12,158.12,False,False,True
new30,SGC2024shqvfe,PSO,3256342938,9030,0.5199023997411132,8,7.561833333,-73.13733333,139.57,7.407515909497203,-73.21458041654469,119.57,2.749985345293217,0.6712286996841994,0.2158270616439829,0.2158270616439829,0.4554016380402165,19.18207220061782,-20.0,119.57,159.57,True,False,True
new30,SGC2024shqvfe,LPSO,3256342938,9030,1.0949487001635134,8,7.561833333,-73.13733333,139.57,7.407515954307485,-73.21458042683325,119.57,2.7499850809020714,0.6712286996841994,0.2158270616439842,0.2158270616439842,0.4554016380402151,19.18206823914663,-20.0,119.57,159.57,True,False,True
new30,SGC2024shqvfe,HSSO-no-helix,3256342938,9030,1.4087980999611318,8,7.561833333,-73.13733333,139.57,7.407515926480006,-73.21458041471176,119.57,2.7499852458319687,0.6712286996841994,0.2158270616439825,0.2158270616439825,0.4554016380402169,19.182070417435387,-20.0,119.57,159.57,True,False,True
new30,SGC2024shqvfe,HSSO-E,3256342938,9030,1.2997808996587992,8,7.561833333,-73.13733333,139.57,7.407515909884093,-73.2145804146835,119.57,2.749985343262642,0.6712286996841994,0.2158270616439847,0.2158270616439847,0.4554016380402147,19.182072070546276,-20.0,119.57,159.57,True,False,True
new30,SGC2025ycdafx,PSO,2930506972,9030,0.5612900997512043,9,6.746158809,-73.12745924,143.2421875,6.8474846387304975,-73.15603566371762,163.2421875,-0.2305647549295706,0.4966162654281734,0.2398172919654236,0.2398172919654236,0.2567989734627497,11.713174471577224,20.0,123.2421875,163.2421875,True,False,True
new30,SGC2025ycdafx,LPSO,2930506972,9030,0.7770134001038969,9,6.746158809,-73.12745924,143.2421875,6.847484625874834,-73.15603566241153,163.2421875,-0.2305648005242844,0.4966162654281734,0.2398172919654197,0.2398172919654197,0.2567989734627537,11.71317305455859,20.0,123.2421875,163.2421875,True,False,True
new30,SGC2025ycdafx,HSSO-no-helix,2930506972,9030,1.688974500168115,9,6.746158809,-73.12745924,143.2421875,6.847484637068147,-73.1560356623924,163.2421875,-0.2305647674800575,0.4966162654281734,0.2398172919654222,0.2398172919654222,0.2567989734627511,11.713174253904414,20.0,123.2421875,163.2421875,True,False,True
new30,SGC2025ycdafx,HSSO-E,2930506972,9030,1.390200600028038,9,6.746158809,-73.12745924,143.2421875,6.847484620146977,-73.15603565193469,163.2421875,-0.2305648777845554,0.4966162654281734,0.2398172919654277,0.2398172919654277,0.2567989734627457,11.713172128495447,20.0,123.2421875,163.2421875,True,False,True
new30,SGC2025yshmnq,PSO,1083465194,9030,0.5190379000268877,8,7.430333333,-73.19233333,140.25,7.252473048615639,-73.21772135686189,120.25,2.280424654700269,0.7638825988003622,0.3764781164016937,0.3764781164016937,0.3874044823986685,19.997131326676328,-20.0,120.25,160.25,True,False,True
new30,SGC2025yshmnq,LPSO,1083465194,9030,0.9479825999587774,8,7.430333333,-73.19233333,140.25,7.252473034428341,-73.21772135134151,120.25,2.2804246776887016,0.7638825988003622,0.3764781164016995,0.3764781164016995,0.3874044823986627,19.99713280482899,-20.0,120.25,160.25,True,False,True
new30,SGC2025yshmnq,HSSO-no-helix,1083465194,9030,1.7585551999509337,8,7.430333333,-73.19233333,140.25,7.252473049587122,-73.21772135457753,120.25,2.280424651263857,0.7638825988003622,0.3764781164016922,0.3764781164016922,0.38740448239867,19.99713118419452,-20.0,120.25,160.25,True,False,True
new30,SGC2025yshmnq,HSSO-E,1083465194,9030,1.507615500129759,8,7.430333333,-73.19233333,140.25,7.2524730392178,-73.2177213418112,120.25,2.2804246619582784,0.7638825988003622,0.3764781164016997,0.3764781164016997,0.3874044823986625,19.997132129226117,-20.0,120.25,160.25,True,False,True
new30,SGC2024lyrntx,PSO,1975919818,9030,0.5263364003039896,8,6.834166667,-73.163,150.14,6.839457040571424,-73.16130995903741,170.14,-1.6899638004623192,0.362385312770665,0.2885868086726838,0.2885868086726838,0.0737985040979812,0.6178196791578254,20.0,130.14,170.14,True,False,True
new30,SGC2024lyrntx,LPSO,1975919818,9030,0.7289672000333667,8,6.834166667,-73.163,150.14,6.839457028865281,-73.16130995673561,170.14,-1.6899637982577025,0.362385312770665,0.2885868086726794,0.2885868086726794,0.0737985040979856,0.6178185138464447,20.0,130.14,170.14,True,False,True
new30,SGC2024lyrntx,HSSO-no-helix,1975919818,9030,1.21377809997648,8,6.834166667,-73.163,150.14,6.839457028707527,-73.16130995918017,170.14,-1.689963794875311,0.362385312770665,0.2885868086726804,0.2885868086726804,0.0737985040979846,0.6178184154697359,20.0,130.14,170.14,True,False,True
new30,SGC2024lyrntx,HSSO-E,1975919818,9030,1.244932800065726,8,6.834166667,-73.163,150.14,6.839457027551913,-73.1613099506967,170.14,-1.6899638058390796,0.362385312770665,0.2885868086726761,0.2885868086726761,0.0737985040979888,0.6178185761513512,20.0,130.14,170.14,True,False,True
new30,SGC2026akeapz,PSO,175562408,9030,0.51796879991889,8,7.483833333,-73.18666667,137.94,7.300110940335928,-73.25822057371272,117.94,2.254256481977455,0.7215807646727856,0.2222535088599987,0.2222535088599987,0.4993272558127869,21.926885613954298,-20.0,117.94,157.94,True,False,True
new30,SGC2026akeapz,LPSO,175562408,9030,0.7328029996715486,8,7.483833333,-73.18666667,137.94,7.300110920062098,-73.25822057337304,117.94,2.254256514616765,0.7215807646727856,0.2222535088600006,0.2222535088600006,0.499327255812785,21.9268877054958,-20.0,117.94,157.94,True,False,True
new30,SGC2026akeapz,HSSO-no-helix,175562408,9030,1.3188473000191152,8,7.483833333,-73.18666667,137.94,7.300110933058532,-73.25822057455183,117.94,2.254256495114401,0.7215807646727856,0.2222535088599937,0.2222535088599937,0.4993272558127919,21.926886403010325,-20.0,117.94,157.94,True,False,True
new30,SGC2026akeapz,HSSO-E,175562408,9030,1.7586083998903632,8,7.483833333,-73.18666667,137.94,7.300110927601608,-73.25822056808371,117.94,2.2542564944716545,0.7215807646727856,0.2222535088599962,0.2222535088599962,0.4993272558127894,21.92688671193332,-20.0,117.94,157.94,True,False,True
